DIM_key,DIM,BAL_key,BAL,LIN_key,LIN,NOISE_key,NOISE,NUM_SAMPLES,SEED_run,Run,AUC_LR,AUC_SVM,AUC_RF,AUC_XGB
Baixa,5,Sem,0.5,Sim,True,Sim,0.3,2000,123,1,0.8436293629362936,0.8365711571157115,0.8407640764076408,0.8342534253425342
Baixa,5,Sem,0.5,Sim,True,Sim,0.3,2000,124,2,0.8398615009629665,0.8338909481587924,0.8277204383604939,0.8274578226591878
Baixa,5,Sem,0.5,Sim,True,Sim,0.3,2000,125,3,0.844836758187584,0.8433093292450448,0.841581671795246,0.8400611868593526
Baixa,5,Sem,0.5,Sim,True,Sim,0.3,2000,126,4,0.8495646515825361,0.8557950619932615,0.8510895871331676,0.8503645650697222
Baixa,5,Sem,0.5,Sim,True,Sim,0.3,2000,127,5,0.8438462030407645,0.8446763265541284,0.8464518230492516,0.8463267210993207
Baixa,5,Sem,0.5,Sim,True,Sim,0.3,2000,128,6,0.8471070554263858,0.850866993799845,0.8445519349858746,0.8366767511687792
Baixa,5,Sem,0.5,Sim,True,Sim,0.3,2000,129,7,0.8423915053321878,0.8482169449975823,0.8460443633053023,0.8489596608352052
Baixa,5,Sem,0.5,Sim,True,Sim,0.3,2000,130,8,0.8404849999999999,0.8380325000000001,0.8283950000000001,0.81899
Baixa,5,Sem,0.5,Sim,True,Sim,0.3,2000,131,9,0.8499800000000001,0.843015,0.8411125,0.84413
Baixa,5,Sem,0.5,Sim,True,Sim,0.3,2000,132,10,0.853972355159464,0.8564075289250969,0.8565927086971055,0.8514873564158336
Baixa,5,Sem,0.5,Sim,True,Sim,0.3,2000,133,11,0.8243512300771876,0.8326790360814375,0.8301379176736334,0.824025500275377
Baixa,5,Sem,0.5,Sim,True,Sim,0.3,2000,134,12,0.8381032538114684,0.8341583985894276,0.8256381169505236,0.8237630033160069
Baixa,5,Sem,0.5,Sim,True,Sim,0.3,2000,135,13,0.8643515004147261,0.8559506428250288,0.8614138185467167,0.863868965601769
Baixa,5,Sem,0.5,Sim,True,Sim,0.3,2000,136,14,0.8393119195479887,0.8540872606815171,0.8430895833645842,0.8399219616740419
Baixa,5,Sem,0.5,Sim,True,Sim,0.3,2000,137,15,0.85918,0.8599699999999999,0.8557274999999999,0.8569549999999999
Baixa,5,Sem,0.5,Sim,True,Sim,0.3,2000,138,16,0.8444434793064852,0.8369579875170956,0.8389140545440238,0.8288792395958113
Baixa,5,Sem,0.5,Sim,True,Sim,0.3,2000,139,17,0.7954923805588388,0.8158942452409196,0.8305583160881153,0.8291331334438476
Baixa,5,Sem,0.5,Sim,True,Sim,0.3,2000,140,18,0.7637582261188693,0.8137622513095082,0.8176519753902939,0.8100716274282493
Baixa,5,Sem,0.5,Sim,True,Sim,0.3,2000,141,19,0.8445815458317749,0.844028945570624,0.8475791918425323,0.8456891145876007
Baixa,5,Sem,0.5,Sim,True,Sim,0.3,2000,142,20,0.8424217214180354,0.8341165580389511,0.8344940294132354,0.8345141216030401
Baixa,5,Sem,0.5,Sim,True,Sim,0.3,2000,143,21,0.7739327986949673,0.8276557365184128,0.8265882370184257,0.8195881467036676
Baixa,5,Sem,0.5,Sim,True,Sim,0.3,2000,144,22,0.8536949999999999,0.8528500000000001,0.8525274999999999,0.8563000000000001
Baixa,5,Sem,0.5,Sim,True,Sim,0.3,2000,145,23,0.7867508529755328,0.8039868319111296,0.7940054478819359,0.7898512599508558
Baixa,5,Sem,0.5,Sim,True,Sim,0.3,2000,146,24,0.8477368853732863,0.8507736989730226,0.8585860214629942,0.8592443994483346
Baixa,5,Sem,0.5,Sim,True,Sim,0.3,2000,147,25,0.7935254338133002,0.8239583501317975,0.8211719181105839,0.825669289479394
Baixa,5,Sem,0.5,Sim,True,Sim,0.3,2000,148,26,0.8583331249531145,0.8589532644845089,0.8492785876822285,0.8501312795378961
Baixa,5,Sem,0.5,Sim,True,Sim,0.3,2000,149,27,0.8423464723281748,0.8465269263744795,0.8368884891564233,0.8330705447354155
Baixa,5,Sem,0.5,Sim,True,Sim,0.3,2000,150,28,0.8598872051801294,0.8548570203005076,0.868034826683167,0.8643497738693467
Baixa,5,Sem,0.5,Sim,True,Sim,0.3,2000,151,29,0.8132029811718138,0.8355595413008331,0.8306811461821834,0.8429436739778101
Baixa,5,Sem,0.5,Sim,True,Sim,0.3,2000,152,30,0.8575702459095901,0.8561903904876246,0.8573327887413532,0.8545846335277423
Baixa,5,Sem,0.5,Sim,True,Nao,0.0,2000,123,1,0.9853500000000001,0.9847850000000001,0.998335,0.997225
Baixa,5,Sem,0.5,Sim,True,Nao,0.0,2000,124,2,0.9972949999999999,0.9975499999999998,0.9975125,0.9982900000000001
Baixa,5,Sem,0.5,Sim,True,Nao,0.0,2000,125,3,0.978245,0.9831800000000002,0.9905050000000001,0.99108
Baixa,5,Sem,0.5,Sim,True,Nao,0.0,2000,126,4,0.999265,0.999795,0.9991424999999999,0.9993550000000001
Baixa,5,Sem,0.5,Sim,True,Nao,0.0,2000,127,5,0.989655,0.9885400000000001,0.9961800000000001,0.99574
Baixa,5,Sem,0.5,Sim,True,Nao,0.0,2000,128,6,0.995815,0.995595,0.9970600000000001,0.9961649999999999
Baixa,5,Sem,0.5,Sim,True,Nao,0.0,2000,129,7,0.989405,0.9891500000000001,0.993905,0.99369
Baixa,5,Sem,0.5,Sim,True,Nao,0.0,2000,130,8,0.9815699999999999,0.98339,0.9845274999999999,0.984455
Baixa,5,Sem,0.5,Sim,True,Nao,0.0,2000,131,9,0.9998999999999999,0.99977,0.9993525,0.9997550000000001
Baixa,5,Sem,0.5,Sim,True,Nao,0.0,2000,132,10,0.9855750000000001,0.9891400000000001,0.9959000000000001,0.994355
Baixa,5,Sem,0.5,Sim,True,Nao,0.0,2000,133,11,0.9865950000000001,0.9915050000000001,0.9932974999999999,0.9931000000000001
Baixa,5,Sem,0.5,Sim,True,Nao,0.0,2000,134,12,0.99367,0.9935750000000001,0.9935725,0.9943199999999999
Baixa,5,Sem,0.5,Sim,True,Nao,0.0,2000,135,13,1.0,1.0,0.9999600000000001,0.9999549999999999
Baixa,5,Sem,0.5,Sim,True,Nao,0.0,2000,136,14,0.9749749999999999,0.98934,0.993205,0.9936549999999998
Baixa,5,Sem,0.5,Sim,True,Nao,0.0,2000,137,15,1.0,1.0,1.0,0.99996
Baixa,5,Sem,0.5,Sim,True,Nao,0.0,2000,138,16,0.9911899999999999,0.9957699999999999,0.9946225,0.995455
Baixa,5,Sem,0.5,Sim,True,Nao,0.0,2000,139,17,0.929115,0.969025,0.9874175000000001,0.9843500000000001
Baixa,5,Sem,0.5,Sim,True,Nao,0.0,2000,140,18,0.86866,0.96289,0.962595,0.96205
Baixa,5,Sem,0.5,Sim,True,Nao,0.0,2000,141,19,0.982585,0.9906675,0.9923075000000001,0.9937150000000001
Baixa,5,Sem,0.5,Sim,True,Nao,0.0,2000,142,20,0.99644,0.9941849999999999,0.9988849999999999,0.9987999999999999
Baixa,5,Sem,0.5,Sim,True,Nao,0.0,2000,143,21,0.89125,0.9807675,0.9854949999999999,0.9857150000000001
Baixa,5,Sem,0.5,Sim,True,Nao,0.0,2000,144,22,0.999925,0.99999,0.9999874999999999,0.9999100000000001
Baixa,5,Sem,0.5,Sim,True,Nao,0.0,2000,145,23,0.921415,0.9500250000000001,0.9417774999999999,0.9418
Baixa,5,Sem,0.5,Sim,True,Nao,0.0,2000,146,24,0.9995750000000001,0.9995999999999998,0.9984500000000001,0.99908
Baixa,5,Sem,0.5,Sim,True,Nao,0.0,2000,147,25,0.9207450000000001,0.9666124999999999,0.97172,0.974305
Baixa,5,Sem,0.5,Sim,True,Nao,0.0,2000,148,26,0.9998850000000001,0.99985,0.9995925,0.9994800000000001
Baixa,5,Sem,0.5,Sim,True,Nao,0.0,2000,149,27,0.9935499999999999,0.994965,0.9927975,0.9939350000000001
Baixa,5,Sem,0.5,Sim,True,Nao,0.0,2000,150,28,0.9876850000000001,0.995435,0.9957225000000001,0.996365
Baixa,5,Sem,0.5,Sim,True,Nao,0.0,2000,151,29,0.9357599999999999,0.9733450000000001,0.9801374999999999,0.9836750000000001
Baixa,5,Sem,0.5,Sim,True,Nao,0.0,2000,152,30,0.995575,0.99725,0.997655,0.9980550000000001
Baixa,5,Sem,0.5,Nao,False,Sim,0.3,2000,123,1,0.7607640191004774,0.8051176279406986,0.8059451486287157,0.8030800770019251
Baixa,5,Sem,0.5,Nao,False,Sim,0.3,2000,124,2,0.8273031424495484,0.8366909656539795,0.8345434832240443,0.8270831598272703
Baixa,5,Sem,0.5,Nao,False,Sim,0.3,2000,125,3,0.7377285627140677,0.8122314944748619,0.795926396597415,0.7983164377234431
Baixa,5,Sem,0.5,Nao,False,Sim,0.3,2000,126,4,0.7195169931748293,0.7941079346983675,0.8242057466436661,0.8070455628265707
Baixa,5,Sem,0.5,Nao,False,Sim,0.3,2000,127,5,0.8220099999999999,0.8351175,0.8263974999999999,0.80846
Baixa,5,Sem,0.5,Nao,False,Sim,0.3,2000,128,6,0.7609073554374846,0.7996718377782633,0.7758772330695881,0.7704714703892813
Baixa,5,Sem,0.5,Nao,False,Sim,0.3,2000,129,7,0.8121432152053801,0.8308634032100801,0.8206257926448162,0.8221283230830772
Baixa,5,Sem,0.5,Nao,False,Sim,0.3,2000,130,8,0.7852316771273535,0.8155985096646745,0.8063864369483135,0.8046485459228327
Baixa,5,Sem,0.5,Nao,False,Sim,0.3,2000,131,9,0.833681751918798,0.8374618070451761,0.8305967343558589,0.8279166597914948
Baixa,5,Sem,0.5,Nao,False,Sim,0.3,2000,132,10,0.808052332271403,0.8305306136253767,0.828690340158294,0.8271327770292967
Baixa,5,Sem,0.5,Nao,False,Sim,0.3,2000,133,11,0.8312671054981378,0.8257625724315112,0.8246737409509709,0.824301645589849
Baixa,5,Sem,0.5,Nao,False,Sim,0.3,2000,134,12,0.7594201088452184,0.8413099315518261,0.837921195959567,0.8320493635928028
Baixa,5,Sem,0.5,Nao,False,Sim,0.3,2000,135,13,0.7764576457645764,0.819156915691569,0.8221272127212721,0.817081708170817
Baixa,5,Sem,0.5,Nao,False,Sim,0.3,2000,136,14,0.7760050031269544,0.7917073170731707,0.791146966854284,0.7824515322076298
Baixa,5,Sem,0.5,Nao,False,Sim,0.3,2000,137,15,0.7706429188186716,0.8013285849031544,0.8126189740323999,0.8015132565017009
Baixa,5,Sem,0.5,Nao,False,Sim,0.3,2000,138,16,0.787733960564508,0.7861450305274748,0.7901286157541787,0.7883119807827044
Baixa,5,Sem,0.5,Nao,False,Sim,0.3,2000,139,17,0.7071370364259106,0.8060430328258207,0.8083105350133752,0.7983579174479363
Baixa,5,Sem,0.5,Nao,False,Sim,0.3,2000,140,18,0.7715401947036243,0.8186300092088177,0.807697701329734,0.8064722724679261
Baixa,5,Sem,0.5,Nao,False,Sim,0.3,2000,141,19,0.717010677766944,0.8007120495512388,0.8087571515537888,0.7959744102977575
Baixa,5,Sem,0.5,Nao,False,Sim,0.3,2000,142,20,0.7655565784144603,0.8465601331908298,0.8484750663141579,0.8410699971249281
Baixa,5,Sem,0.5,Nao,False,Sim,0.3,2000,143,21,0.7614039338061679,0.8022244269189851,0.8155261029364841,0.8006716209936131
Baixa,5,Sem,0.5,Nao,False,Sim,0.3,2000,144,22,0.8326582658265826,0.8374862486248624,0.8326207620762076,0.8242599259925992
Baixa,5,Sem,0.5,Nao,False,Sim,0.3,2000,145,23,0.7570011966582141,0.783322895930628,0.7843724008499956,0.7765265624217792
Baixa,5,Sem,0.5,Nao,False,Sim,0.3,2000,146,24,0.847301710751684,0.8470711042064186,0.8487738309694486,0.8496923750449825
Baixa,5,Sem,0.5,Nao,False,Sim,0.3,2000,147,25,0.7974258231211266,0.8209995288155522,0.8117786043176242,0.80595416181526
Baixa,5,Sem,0.5,Nao,False,Sim,0.3,2000,148,26,0.7812913048885961,0.8366196229514632,0.8331148292374957,0.8364648358632213
Baixa,5,Sem,0.5,Nao,False,Sim,0.3,2000,149,27,0.7905583402980343,0.8308351064032913,0.8245861141214018,0.8248640107440515
Baixa,5,Sem,0.5,Nao,False,Sim,0.3,2000,150,28,0.8226063852846324,0.8285915117877947,0.8285316170404261,0.8176514547863697
Baixa,5,Sem,0.5,Nao,False,Sim,0.3,2000,151,29,0.8172817281728172,0.8382338233823383,0.8508825882588258,0.8334733473347334
Baixa,5,Sem,0.5,Nao,False,Sim,0.3,2000,152,30,0.8625392069801745,0.8581241748543713,0.8628267446061152,0.8583392412310307
Baixa,5,Sem,0.5,Nao,False,Nao,0.0,2000,123,1,0.9125449999999999,0.9789275,0.990115,0.989785
Baixa,5,Sem,0.5,Nao,False,Nao,0.0,2000,124,2,0.96828,0.9909999999999999,0.9925525000000001,0.9934649999999999
Baixa,5,Sem,0.5,Nao,False,Nao,0.0,2000,125,3,0.8487499999999999,0.9585125,0.9617799999999999,0.96458
Baixa,5,Sem,0.5,Nao,False,Nao,0.0,2000,126,4,0.8058299999999999,0.905805,0.9460424999999999,0.9367050000000001
Baixa,5,Sem,0.5,Nao,False,Nao,0.0,2000,127,5,0.9782249999999999,0.98408,0.9844074999999999,0.9836449999999999
Baixa,5,Sem,0.5,Nao,False,Nao,0.0,2000,128,6,0.8684499999999999,0.9332249999999999,0.931705,0.930705
Baixa,5,Sem,0.5,Nao,False,Nao,0.0,2000,129,7,0.93995,0.9711799999999998,0.975365,0.974925
Baixa,5,Sem,0.5,Nao,False,Nao,0.0,2000,130,8,0.925615,0.9621850000000001,0.9674324999999999,0.9665649999999999
Baixa,5,Sem,0.5,Nao,False,Nao,0.0,2000,131,9,0.9971399999999999,0.99849,0.9972799999999999,0.997325
Baixa,5,Sem,0.5,Nao,False,Nao,0.0,2000,132,10,0.94047,0.97665,0.984955,0.9858100000000001
Baixa,5,Sem,0.5,Nao,False,Nao,0.0,2000,133,11,0.9803650000000002,0.9794699999999998,0.9814550000000001,0.9822050000000001
Baixa,5,Sem,0.5,Nao,False,Nao,0.0,2000,134,12,0.87019,0.9815075,0.9853774999999999,0.9835699999999999
Baixa,5,Sem,0.5,Nao,False,Nao,0.0,2000,135,13,0.891855,0.9587775000000001,0.9687275,0.963815
Baixa,5,Sem,0.5,Nao,False,Nao,0.0,2000,136,14,0.9149700000000001,0.9460575,0.965625,0.9629175
Baixa,5,Sem,0.5,Nao,False,Nao,0.0,2000,137,15,0.89254,0.9651099999999999,0.985805,0.98414
Baixa,5,Sem,0.5,Nao,False,Nao,0.0,2000,138,16,0.91486,0.92777,0.933155,0.931705
Baixa,5,Sem,0.5,Nao,False,Nao,0.0,2000,139,17,0.8082900000000001,0.9577600000000001,0.9849175000000001,0.9838850000000001
Baixa,5,Sem,0.5,Nao,False,Nao,0.0,2000,140,18,0.88552,0.9676674999999999,0.9691500000000002,0.9687949999999999
Baixa,5,Sem,0.5,Nao,False,Nao,0.0,2000,141,19,0.8073349999999999,0.9508300000000001,0.9706800000000001,0.9733749999999999
Baixa,5,Sem,0.5,Nao,False,Nao,0.0,2000,142,20,0.8779,0.99103,0.9936925000000001,0.99215
Baixa,5,Sem,0.5,Nao,False,Nao,0.0,2000,143,21,0.8644550000000001,0.9352275000000001,0.9684950000000001,0.96181
Baixa,5,Sem,0.5,Nao,False,Nao,0.0,2000,144,22,0.9851849999999999,0.995815,0.9966899999999999,0.996115
Baixa,5,Sem,0.5,Nao,False,Nao,0.0,2000,145,23,0.878065,0.9336625,0.9397924999999999,0.940635
Baixa,5,Sem,0.5,Nao,False,Nao,0.0,2000,146,24,0.991925,0.9953350000000001,0.9949125000000001,0.9957675
Baixa,5,Sem,0.5,Nao,False,Nao,0.0,2000,147,25,0.9341099999999999,0.9664575,0.97316,0.9724075000000001
Baixa,5,Sem,0.5,Nao,False,Nao,0.0,2000,148,26,0.9017649999999999,0.98995,0.9927150000000001,0.99346
Baixa,5,Sem,0.5,Nao,False,Nao,0.0,2000,149,27,0.9098,0.96142,0.9744400000000001,0.976215
Baixa,5,Sem,0.5,Nao,False,Nao,0.0,2000,150,28,0.984545,0.9973050000000001,0.9982075,0.9983000000000001
Baixa,5,Sem,0.5,Nao,False,Nao,0.0,2000,151,29,0.9406149999999999,0.973325,0.9847400000000001,0.9840899999999999
Baixa,5,Sem,0.5,Nao,False,Nao,0.0,2000,152,30,0.98568,0.993425,0.9945875000000001,0.99267
Baixa,5,Com,0.9,Sim,True,Sim,0.3,2000,123,1,0.6647353369976658,0.6652049994908247,0.6531231993338691,0.6410260189325534
Baixa,5,Com,0.9,Sim,True,Sim,0.3,2000,124,2,0.6866039470499226,0.6774854785747364,0.6883615368172211,0.6806539947160053
Baixa,5,Com,0.9,Sim,True,Sim,0.3,2000,125,3,0.6805557965829467,0.6611135983228754,0.674162366146178,0.6582522885651023
Baixa,5,Com,0.9,Sim,True,Sim,0.3,2000,126,4,0.6832357018756869,0.7062935148743043,0.709270006736872,0.6934002824758595
Baixa,5,Com,0.9,Sim,True,Sim,0.3,2000,127,5,0.6637762785359046,0.6551014111268365,0.6472029197597176,0.6369208869149794
Baixa,5,Com,0.9,Sim,True,Sim,0.3,2000,128,6,0.6851358634851153,0.6888980196482329,0.6798093532371302,0.6693391520043294
Baixa,5,Com,0.9,Sim,True,Sim,0.3,2000,129,7,0.6730861390524708,0.7136985653887289,0.7044443018504989,0.692167172660799
Baixa,5,Com,0.9,Sim,True,Sim,0.3,2000,130,8,0.6807515554888723,0.638585105724579,0.6379348897402769,0.6312406090292507
Baixa,5,Com,0.9,Sim,True,Sim,0.3,2000,131,9,0.6930953451241847,0.6820867228514949,0.6574426910783557,0.65802921636016
Baixa,5,Com,0.9,Sim,True,Sim,0.3,2000,132,10,0.6691354456447127,0.6804942375085805,0.689573322735648,0.6819429892698435
Baixa,5,Com,0.9,Sim,True,Sim,0.3,2000,133,11,0.6813441113854903,0.6670084693559848,0.6591533047413487,0.6570069889991107
Baixa,5,Com,0.9,Sim,True,Sim,0.3,2000,134,12,0.6662463661517986,0.6770480893839095,0.6620328534902455,0.6651465798045603
Baixa,5,Com,0.9,Sim,True,Sim,0.3,2000,135,13,0.6889979585084968,0.694149797288423,0.6978237162430591,0.679995513282272
Baixa,5,Com,0.9,Sim,True,Sim,0.3,2000,136,14,0.6832739684252687,0.6707823948412167,0.6599795661760316,0.6471670227069394
Baixa,5,Com,0.9,Sim,True,Sim,0.3,2000,137,15,0.6849657534587068,0.6951186122573533,0.701881313557167,0.6952005344413739
Baixa,5,Com,0.9,Sim,True,Sim,0.3,2000,138,16,0.6565443597151748,0.6558495785387641,0.6352002104173476,0.6405043365129905
Baixa,5,Com,0.9,Sim,True,Sim,0.3,2000,139,17,0.6318902207859302,0.6573794705833541,0.6531077777357138,0.6371401382832639
Baixa,5,Com,0.9,Sim,True,Sim,0.3,2000,140,18,0.6221438638378719,0.6399390273101471,0.6663190988445234,0.6442160368722791
Baixa,5,Com,0.9,Sim,True,Sim,0.3,2000,141,19,0.6532949251395854,0.6339983640954514,0.6465806038621572,0.6442725559230414
Baixa,5,Com,0.9,Sim,True,Sim,0.3,2000,142,20,0.6609709579186666,0.6457504510164018,0.6519113435909564,0.6711714761538183
Baixa,5,Com,0.9,Sim,True,Sim,0.3,2000,143,21,0.6289196887357249,0.6780345318274363,0.6678415029651894,0.6524350852275854
Baixa,5,Com,0.9,Sim,True,Sim,0.3,2000,144,22,0.6925746274556519,0.6932229711651836,0.7037659185293673,0.692038867836404
Baixa,5,Com,0.9,Sim,True,Sim,0.3,2000,145,23,0.6207351161796163,0.6334785115516961,0.6271031270671004,0.6147242186277497
Baixa,5,Com,0.9,Sim,True,Sim,0.3,2000,146,24,0.6760093167701864,0.6752893845285151,0.6776962168266516,0.692490118577075
Baixa,5,Com,0.9,Sim,True,Sim,0.3,2000,147,25,0.6047745705896046,0.6448656036156624,0.6306512336035979,0.62495333167089
Baixa,5,Com,0.9,Sim,True,Sim,0.3,2000,148,26,0.6985386567730678,0.6739879523684056,0.6750439081249441,0.6751474290921521
Baixa,5,Com,0.9,Sim,True,Sim,0.3,2000,149,27,0.6929085934082317,0.6936181436481175,0.6783463093823913,0.6678443316693685
Baixa,5,Com,0.9,Sim,True,Sim,0.3,2000,150,28,0.6882843345887506,0.6573417292941253,0.6907452998336181,0.6833447536908231
Baixa,5,Com,0.9,Sim,True,Sim,0.3,2000,151,29,0.62949657246865,0.625712749234715,0.6492508539280691,0.6411187935089646
Baixa,5,Com,0.9,Sim,True,Sim,0.3,2000,152,30,0.6653164895445167,0.660944194317237,0.6517749293565251,0.6204185797560026
Baixa,5,Com,0.9,Sim,True,Nao,0.0,2000,123,1,0.9824948001752019,0.9456640563960509,0.9965507833771337,0.9951912333972583
Baixa,5,Com,0.9,Sim,True,Nao,0.0,2000,124,2,0.9961886556810379,0.9973477667684731,0.9925255167270401,0.9963493944882449
Baixa,5,Com,0.9,Sim,True,Nao,0.0,2000,125,3,0.968005978170798,0.9687414056396051,0.9831782723086393,0.9719525889622844
Baixa,5,Com,0.9,Sim,True,Nao,0.0,2000,126,4,0.9984444444444444,0.999943177782513,0.9958810669555129,0.9972262500887847
Baixa,5,Com,0.9,Sim,True,Nao,0.0,2000,127,5,0.9812211893600399,0.9873338334872269,0.9884753918365414,0.9917773279352227
Baixa,5,Com,0.9,Sim,True,Nao,0.0,2000,128,6,0.9983702500177568,0.9982793167128348,0.9979137944811421,0.9968648223121906
Baixa,5,Com,0.9,Sim,True,Nao,0.0,2000,129,7,0.9904910001894074,0.9922208223832186,0.9895614168264792,0.9927120001420555
Baixa,5,Com,0.9,Sim,True,Nao,0.0,2000,130,8,0.9858527890238417,0.9772134059000402,0.9702926003859176,0.9811255504652319
Baixa,5,Com,0.9,Sim,True,Nao,0.0,2000,131,9,0.9999441277789616,0.9999580166678506,0.9997487333380686,0.9999024611122949
Baixa,5,Com,0.9,Sim,True,Nao,0.0,2000,132,10,0.987708294859957,0.9924251722423468,0.9923800444515471,0.9927058000094704
Baixa,5,Com,0.9,Sim,True,Nao,0.0,2000,133,11,0.9841026114544119,0.9840653781045056,0.987576461396406,0.9872167057319412
Baixa,5,Com,0.9,Sim,True,Nao,0.0,2000,134,12,0.9850938336056064,0.9823230727797903,0.9907983669531454,0.9932442112365936
Baixa,5,Com,0.9,Sim,True,Nao,0.0,2000,135,13,1.0,1.0,0.9997904000047353,0.999283138894808
Baixa,5,Com,0.9,Sim,True,Nao,0.0,2000,136,14,0.9706657669815565,0.9838777168122735,0.9880388862253474,0.9865181890285768
Baixa,5,Com,0.9,Sim,True,Nao,0.0,2000,137,15,1.0,1.0,0.999986111111111,1.0
Baixa,5,Com,0.9,Sim,True,Nao,0.0,2000,138,16,0.9902828000331463,0.9940460555910693,0.9944371611383384,0.9934620889267703
Baixa,5,Com,0.9,Sim,True,Nao,0.0,2000,139,17,0.9116476075478847,0.9244337399673274,0.986746430854464,0.9791324697540071
Baixa,5,Com,0.9,Sim,True,Nao,0.0,2000,140,18,0.8469529411416531,0.9263407231810972,0.9403575508440467,0.931601017768781
Baixa,5,Com,0.9,Sim,True,Nao,0.0,2000,141,19,0.9786057337168833,0.9871308834671023,0.9897857195705188,0.9904582001562611
Baixa,5,Com,0.9,Sim,True,Nao,0.0,2000,142,20,0.997666033335701,0.9985972222222224,0.9992916666666666,0.9990969055567394
Baixa,5,Com,0.9,Sim,True,Nao,0.0,2000,143,21,0.8543836357932619,0.9750907172621162,0.9771945450671213,0.9782309615976514
Baixa,5,Com,0.9,Sim,True,Nao,0.0,2000,144,22,0.9999583333333334,1.0,0.999986111111111,0.9995972222222221
Baixa,5,Com,0.9,Sim,True,Nao,0.0,2000,145,23,0.9197073626204512,0.9297950730402255,0.936757570376684,0.9389739120912944
Baixa,5,Com,0.9,Sim,True,Nao,0.0,2000,146,24,0.9994564333404362,0.9996095277836968,0.998562002805597,0.9991073111253165
Baixa,5,Com,0.9,Sim,True,Nao,0.0,2000,147,25,0.9008080681629851,0.9671522006771314,0.9522358003646092,0.9658574058290125
Baixa,5,Com,0.9,Sim,True,Nao,0.0,2000,148,26,0.9994305555555556,0.9978607944456283,0.9986953722447144,0.9958731000071028
Baixa,5,Com,0.9,Sim,True,Nao,0.0,2000,149,27,0.995388572223406,0.995693177782513,0.9924229777801454,0.9901789722281412
Baixa,5,Com,0.9,Sim,True,Nao,0.0,2000,150,28,0.9887473334990649,0.9960842389374246,0.9936150028411108,0.9942495945498022
Baixa,5,Com,0.9,Sim,True,Nao,0.0,2000,151,29,0.9190112845372541,0.8653344520207401,0.9811131309633734,0.9813606227951794
Baixa,5,Com,0.9,Sim,True,Nao,0.0,2000,152,30,0.9919759334233019,0.9873028890546204,0.9940228028742573,0.9966369445036343
Baixa,5,Com,0.9,Nao,False,Sim,0.3,2000,123,1,0.61067686846131,0.6566580489944487,0.6514108793986851,0.6342365261157263
Baixa,5,Com,0.9,Nao,False,Sim,0.3,2000,124,2,0.6735705699791038,0.662496204244228,0.6712302564694246,0.6466554696889235
Baixa,5,Com,0.9,Nao,False,Sim,0.3,2000,125,3,0.6336997320644175,0.6252188468549188,0.6406080341383856,0.6388356444976198
Baixa,5,Com,0.9,Nao,False,Sim,0.3,2000,126,4,0.6002169627344609,0.6279138507723765,0.6189161525369642,0.5937344431443463
Baixa,5,Com,0.9,Nao,False,Sim,0.3,2000,127,5,0.6453029583141273,0.6514093358862533,0.6162209014407452,0.6136463142218913
Baixa,5,Com,0.9,Nao,False,Sim,0.3,2000,128,6,0.6341066190245435,0.640486269312561,0.6043245909831786,0.6080967453922449
Baixa,5,Com,0.9,Nao,False,Sim,0.3,2000,129,7,0.6693825944721065,0.6710899134008367,0.6828711739056911,0.6781390078101547
Baixa,5,Com,0.9,Nao,False,Sim,0.3,2000,130,8,0.6571524857711786,0.6562559698710823,0.6277643905752724,0.6237670695458923
Baixa,5,Com,0.9,Nao,False,Sim,0.3,2000,131,9,0.659091058643245,0.6671202444926416,0.6526643083449908,0.6502083042136546
Baixa,5,Com,0.9,Nao,False,Sim,0.3,2000,132,10,0.6416080148750894,0.6959488639667173,0.6653987895796162,0.6650496471258246
Baixa,5,Com,0.9,Nao,False,Sim,0.3,2000,133,11,0.6568152795454284,0.6576570268987386,0.652333496389642,0.6335929609136934
Baixa,5,Com,0.9,Nao,False,Sim,0.3,2000,134,12,0.6310019169964347,0.675325231340993,0.6796279084539188,0.6887907752979551
Baixa,5,Com,0.9,Nao,False,Sim,0.3,2000,135,13,0.6448304657566379,0.6192461551845347,0.6541673332345825,0.6616267687146947
Baixa,5,Com,0.9,Nao,False,Sim,0.3,2000,136,14,0.6401442307692309,0.6052301864801864,0.5926537004662006,0.5905375874125874
Baixa,5,Com,0.9,Nao,False,Sim,0.3,2000,137,15,0.6569797635229586,0.6217153178638724,0.6411293764497521,0.636864271931634
Baixa,5,Com,0.9,Nao,False,Sim,0.3,2000,138,16,0.6211283537038076,0.6272425452250354,0.6232595517679433,0.6128959387941754
Baixa,5,Com,0.9,Nao,False,Sim,0.3,2000,139,17,0.5944289894866144,0.6552259835976733,0.6647711261244987,0.6412081361320857
Baixa,5,Com,0.9,Nao,False,Sim,0.3,2000,140,18,0.6310191290231012,0.6604747443829452,0.655379407541214,0.6442219756790137
Baixa,5,Com,0.9,Nao,False,Sim,0.3,2000,141,19,0.6169289687030305,0.629575546902851,0.6285557376223398,0.6222936329329031
Baixa,5,Com,0.9,Nao,False,Sim,0.3,2000,142,20,0.6300354443267391,0.6696605293633952,0.6728182432902731,0.6491367708290963
Baixa,5,Com,0.9,Nao,False,Sim,0.3,2000,143,21,0.6433719694371118,0.6341844281618789,0.649435132637137,0.6126663928687104
Baixa,5,Com,0.9,Nao,False,Sim,0.3,2000,144,22,0.6602210228804397,0.6551920994693494,0.6428974272548146,0.6453628802448078
Baixa,5,Com,0.9,Nao,False,Sim,0.3,2000,145,23,0.6426635398511718,0.6192785492964894,0.6164918432489137,0.6138377662860567
Baixa,5,Com,0.9,Nao,False,Sim,0.3,2000,146,24,0.6805103601724378,0.692987762480879,0.6877937699902656,0.6714017521902379
Baixa,5,Com,0.9,Nao,False,Sim,0.3,2000,147,25,0.6525474772187356,0.6838784969684075,0.6636443227079861,0.6597312874516895
Baixa,5,Com,0.9,Nao,False,Sim,0.3,2000,148,26,0.6528707052441229,0.7000150693188668,0.6964775467148884,0.689413803496082
Baixa,5,Com,0.9,Nao,False,Sim,0.3,2000,149,27,0.6744670031000494,0.6873016844761949,0.692845615781819,0.679173922402521
Baixa,5,Com,0.9,Nao,False,Sim,0.3,2000,150,28,0.6657378338420374,0.6789708602391503,0.6856936896537654,0.7057637872863315
Baixa,5,Com,0.9,Nao,False,Sim,0.3,2000,151,29,0.6561590187784686,0.6303270804231595,0.6848042749720804,0.6413328198921519
Baixa,5,Com,0.9,Nao,False,Sim,0.3,2000,152,30,0.6937416679010517,0.6945859872611464,0.689638572063398,0.687090801362761
Baixa,5,Com,0.9,Nao,False,Nao,0.0,2000,123,1,0.8752179516774392,0.9569150448658756,0.9760546085185975,0.9780828834907783
Baixa,5,Com,0.9,Nao,False,Nao,0.0,2000,124,2,0.9661151952079929,0.979661375097663,0.9894163751568531,0.9869061279210172
Baixa,5,Com,0.9,Nao,False,Nao,0.0,2000,125,3,0.84449389161162,0.9306815617823236,0.9487471618486161,0.9495626731301939
Baixa,5,Com,0.9,Nao,False,Nao,0.0,2000,126,4,0.77323287046902,0.8829265572838979,0.91560861774037,0.9030072625896726
Baixa,5,Com,0.9,Nao,False,Nao,0.0,2000,127,5,0.9779545836588774,0.9859591057603524,0.9832921446243816,0.9846222891067073
Baixa,5,Com,0.9,Nao,False,Nao,0.0,2000,128,6,0.8691343904633377,0.9138152567653954,0.9354963420697493,0.9185958726945568
Baixa,5,Com,0.9,Nao,False,Nao,0.0,2000,129,7,0.9365726288562162,0.9628985338684093,0.9703836698274024,0.9723734225915667
Baixa,5,Com,0.9,Nao,False,Nao,0.0,2000,130,8,0.9477726282643181,0.9468764116769656,0.9385166338163222,0.9560997170727086
Baixa,5,Com,0.9,Nao,False,Nao,0.0,2000,131,9,0.9979658889125649,0.9967174722399792,0.9977780722470818,0.9970757333617444
Baixa,5,Com,0.9,Nao,False,Nao,0.0,2000,132,10,0.9437754900916258,0.977000772427019,0.9817897696332599,0.9843682168477874
Baixa,5,Com,0.9,Nao,False,Nao,0.0,2000,133,11,0.9810184613017023,0.9774843058219098,0.9721276280275589,0.9781591170064161
Baixa,5,Com,0.9,Nao,False,Nao,0.0,2000,134,12,0.8607206803276748,0.9696704340980657,0.9801308420342354,0.9782113283377134
Baixa,5,Com,0.9,Nao,False,Nao,0.0,2000,135,13,0.8709052637497929,0.8760269017685914,0.9537705063096336,0.952495489736487
Baixa,5,Com,0.9,Nao,False,Nao,0.0,2000,136,14,0.9015005297487985,0.9328325401898809,0.929371609903639,0.9273949321684778
Baixa,5,Com,0.9,Nao,False,Nao,0.0,2000,137,15,0.8932515626109809,0.9467423230816582,0.9777058503208087,0.9776606559414731
Baixa,5,Com,0.9,Nao,False,Nao,0.0,2000,138,16,0.9039928291545326,0.8150038798920379,0.9140233651774512,0.9111443846627365
Baixa,5,Com,0.9,Nao,False,Nao,0.0,2000,139,17,0.8020756978478586,0.9083707235362359,0.9882439833558255,0.9859971500106542
Baixa,5,Com,0.9,Nao,False,Nao,0.0,2000,140,18,0.8929458797973341,0.9643732006297796,0.9654395672041101,0.9655828894097592
Baixa,5,Com,0.9,Nao,False,Nao,0.0,2000,141,19,0.8133064582001562,0.9374610116722305,0.9444711642043705,0.9652310000710276
Baixa,5,Com,0.9,Nao,False,Nao,0.0,2000,142,20,0.8677594082202807,0.9774770284347847,0.987570514300258,0.9936428279707364
Baixa,5,Com,0.9,Nao,False,Nao,0.0,2000,143,21,0.8565368071832753,0.9159280562658332,0.9369093700428535,0.9340905396926866
Baixa,5,Com,0.9,Nao,False,Nao,0.0,2000,144,22,0.9886905556739352,0.9960962278334161,0.9960102028434786,0.9969365278073727
Baixa,5,Com,0.9,Nao,False,Nao,0.0,2000,145,23,0.8730510689679664,0.9060211514785614,0.9295128871013567,0.9327510565381063
Baixa,5,Com,0.9,Nao,False,Nao,0.0,2000,146,24,0.9885356056301348,0.9906616000189408,0.9924770639486706,0.990866405639605
Baixa,5,Com,0.9,Nao,False,Nao,0.0,2000,147,25,0.9298491843644199,0.9699581616828847,0.9486825176977531,0.9640621729763005
Baixa,5,Com,0.9,Nao,False,Nao,0.0,2000,148,26,0.8941168081303121,0.9830040337855435,0.9816434420650142,0.9849749893458342
Baixa,5,Com,0.9,Nao,False,Nao,0.0,2000,149,27,0.9274223340909629,0.9661383058692614,0.9640940392901959,0.9770322614058763
Baixa,5,Com,0.9,Nao,False,Nao,0.0,2000,150,28,0.9832027724506949,0.9987578722447144,0.9986931777825129,0.9987326277907995
Baixa,5,Com,0.9,Nao,False,Nao,0.0,2000,151,29,0.9367350900868907,0.9453918513388734,0.9794441144612545,0.976049228164879
Baixa,5,Com,0.9,Nao,False,Nao,0.0,2000,152,30,0.9902742056727514,0.9956795611667495,0.9956658528067808,0.9933310722825958
Alta,300,Sem,0.5,Sim,True,Sim,0.3,2000,123,1,0.79745,0.849605,0.8401824999999998,0.8318550000000002
Alta,300,Sem,0.5,Sim,True,Sim,0.3,2000,124,2,0.7793394834870873,0.8546313657841447,0.8386859671491788,0.8326658166454163
Alta,300,Sem,0.5,Sim,True,Sim,0.3,2000,125,3,0.7672667266726672,0.8523077307730773,0.8462021202120212,0.8378437843784378
Alta,300,Sem,0.5,Sim,True,Sim,0.3,2000,126,4,0.7978082279089682,0.8596770447313988,0.8538041451336313,0.8456964090618916
Alta,300,Sem,0.5,Sim,True,Sim,0.3,2000,127,5,0.7982040787302693,0.8557726395281708,0.8481828656422425,0.8415579199515962
Alta,300,Sem,0.5,Sim,True,Sim,0.3,2000,128,6,0.7733243297318928,0.8391781712685074,0.8294742897158862,0.8268157262905163
Alta,300,Sem,0.5,Sim,True,Sim,0.3,2000,129,7,0.8149084036457458,0.8582567950226044,0.8545809914066348,0.8440342312593891
Alta,300,Sem,0.5,Sim,True,Sim,0.3,2000,130,8,0.8030673353769275,0.8300273317582192,0.828112710562649,0.8320571159045231
Alta,300,Sem,0.5,Sim,True,Sim,0.3,2000,131,9,0.817515,0.85312,0.8511625,0.8442299999999999
Alta,300,Sem,0.5,Sim,True,Sim,0.3,2000,132,10,0.8169066906690668,0.861846184618462,0.8545654565456546,0.8460646064606461
Alta,300,Sem,0.5,Sim,True,Sim,0.3,2000,133,11,0.7731340686768033,0.839913850103222,0.8249563788240992,0.8092662677035125
Alta,300,Sem,0.5,Sim,True,Sim,0.3,2000,134,12,0.7902997574939373,0.8561964049101227,0.8506562664066604,0.8468311707792695
Alta,300,Sem,0.5,Sim,True,Sim,0.3,2000,135,13,0.734820807497483,0.8472835809746038,0.8234978231442671,0.8109139224169969
Alta,300,Sem,0.5,Sim,True,Sim,0.3,2000,136,14,0.8055648248526863,0.8558837705654915,0.8488091376673028,0.8428840768448952
Alta,300,Sem,0.5,Sim,True,Sim,0.3,2000,137,15,0.7914741474147414,0.8535003500350035,0.8375562556255627,0.8330683068306829
Alta,300,Sem,0.5,Sim,True,Sim,0.3,2000,138,16,0.7820043841096739,0.8274306046591576,0.8177527824537831,0.816807319812224
Alta,300,Sem,0.5,Sim,True,Sim,0.3,2000,139,17,0.7745467179179479,0.8418025836895924,0.8354200521263031,0.8284524386859673
Alta,300,Sem,0.5,Sim,True,Sim,0.3,2000,140,18,0.7943144314431443,0.8609010901090108,0.8515401540154015,0.8391989198919892
Alta,300,Sem,0.5,Sim,True,Sim,0.3,2000,141,19,0.7820280412352558,0.8429108007180357,0.8438515698962512,0.8362785237922562
Alta,300,Sem,0.5,Sim,True,Sim,0.3,2000,142,20,0.7647303778844471,0.8469170174254357,0.8314342468561714,0.8260216720418011
Alta,300,Sem,0.5,Sim,True,Sim,0.3,2000,143,21,0.7725440596333054,0.8346512813072018,0.829935042457382,0.8184619594380724
Alta,300,Sem,0.5,Sim,True,Sim,0.3,2000,144,22,0.7934909241317891,0.8324791861920762,0.8214309655671185,0.8236083906148058
Alta,300,Sem,0.5,Sim,True,Sim,0.3,2000,145,23,0.7789228922892291,0.8515101510151014,0.844059405940594,0.8305380538053806
Alta,300,Sem,0.5,Sim,True,Sim,0.3,2000,146,24,0.7595709570957095,0.8348584858485848,0.8311856185618562,0.8141914191419144
Alta,300,Sem,0.5,Sim,True,Sim,0.3,2000,147,25,0.7957098927473186,0.8405385134628366,0.8377609440236006,0.8311132778319458
Alta,300,Sem,0.5,Sim,True,Sim,0.3,2000,148,26,0.8102976453049189,0.8401739435175049,0.8379437936293442,0.8292382628347585
Alta,300,Sem,0.5,Sim,True,Sim,0.3,2000,149,27,0.8092013663840596,0.846713061755079,0.8444309720805243,0.8397402210310976
Alta,300,Sem,0.5,Sim,True,Sim,0.3,2000,150,28,0.8029299999999999,0.8399000000000001,0.8354324999999999,0.834005
Alta,300,Sem,0.5,Sim,True,Sim,0.3,2000,151,29,0.8100914524063221,0.8530943036552212,0.846651125399047,0.8505789666193799
Alta,300,Sem,0.5,Sim,True,Sim,0.3,2000,152,30,0.7889934502881828,0.8401224392195903,0.8332257599099677,0.8348544078043976
Alta,300,Sem,0.5,Sim,True,Nao,0.0,2000,123,1,0.9928000000000001,0.999725,0.995725,0.9983299999999999
Alta,300,Sem,0.5,Sim,True,Nao,0.0,2000,124,2,0.933355,0.9977600000000001,0.9871275,0.994315
Alta,300,Sem,0.5,Sim,True,Nao,0.0,2000,125,3,0.9194699999999999,0.9979949999999999,0.9905375,0.9943100000000001
Alta,300,Sem,0.5,Sim,True,Nao,0.0,2000,126,4,0.983295,0.9996050000000001,0.996365,0.9984299999999999
Alta,300,Sem,0.5,Sim,True,Nao,0.0,2000,127,5,0.99009,0.999515,0.99738,0.9983350000000002
Alta,300,Sem,0.5,Sim,True,Nao,0.0,2000,128,6,0.9871400000000001,0.99986,0.9881624999999999,0.997945
Alta,300,Sem,0.5,Sim,True,Nao,0.0,2000,129,7,0.9943000000000002,0.99963,0.9985175000000002,0.99809
Alta,300,Sem,0.5,Sim,True,Nao,0.0,2000,130,8,0.9964549999999999,0.9997,0.9942400000000001,0.99825
Alta,300,Sem,0.5,Sim,True,Nao,0.0,2000,131,9,0.9973099999999999,0.999925,0.99835,0.998775
Alta,300,Sem,0.5,Sim,True,Nao,0.0,2000,132,10,0.99415,0.9998400000000001,0.9973375000000001,0.9987349999999999
Alta,300,Sem,0.5,Sim,True,Nao,0.0,2000,133,11,0.93887,0.9988149999999999,0.9882325,0.993815
Alta,300,Sem,0.5,Sim,True,Nao,0.0,2000,134,12,0.97089,0.9997,0.99182,0.9969899999999999
Alta,300,Sem,0.5,Sim,True,Nao,0.0,2000,135,13,0.897125,0.9958,0.976905,0.9911199999999999
Alta,300,Sem,0.5,Sim,True,Nao,0.0,2000,136,14,0.980425,0.99748,0.9918700000000001,0.9950000000000001
Alta,300,Sem,0.5,Sim,True,Nao,0.0,2000,137,15,0.9558499999999999,0.999465,0.988875,0.9976200000000001
Alta,300,Sem,0.5,Sim,True,Nao,0.0,2000,138,16,0.9568450000000001,0.9989799999999999,0.9882099999999999,0.9965149999999999
Alta,300,Sem,0.5,Sim,True,Nao,0.0,2000,139,17,0.9628,0.9986599999999999,0.9926250000000001,0.9941749999999999
Alta,300,Sem,0.5,Sim,True,Nao,0.0,2000,140,18,0.956955,0.9980049999999998,0.9900525,0.99473
Alta,300,Sem,0.5,Sim,True,Nao,0.0,2000,141,19,0.975075,0.99964,0.995435,0.999015
Alta,300,Sem,0.5,Sim,True,Nao,0.0,2000,142,20,0.9700099999999999,0.9983449999999999,0.9863025000000001,0.99552
Alta,300,Sem,0.5,Sim,True,Nao,0.0,2000,143,21,0.967,0.998615,0.9923325000000001,0.99603
Alta,300,Sem,0.5,Sim,True,Nao,0.0,2000,144,22,0.99421,0.99963,0.995205,0.99835
Alta,300,Sem,0.5,Sim,True,Nao,0.0,2000,145,23,0.942005,0.9980699999999999,0.9931650000000001,0.9952650000000001
Alta,300,Sem,0.5,Sim,True,Nao,0.0,2000,146,24,0.951915,0.9985099999999999,0.993,0.9953800000000002
Alta,300,Sem,0.5,Sim,True,Nao,0.0,2000,147,25,0.9901449999999998,0.999695,0.9969100000000001,0.9985100000000001
Alta,300,Sem,0.5,Sim,True,Nao,0.0,2000,148,26,0.9969999999999999,0.99976,0.9987725000000001,0.9992449999999999
Alta,300,Sem,0.5,Sim,True,Nao,0.0,2000,149,27,0.992405,0.99957,0.996895,0.997625
Alta,300,Sem,0.5,Sim,True,Nao,0.0,2000,150,28,0.9979949999999999,0.999775,0.9992725,0.9991049999999999
Alta,300,Sem,0.5,Sim,True,Nao,0.0,2000,151,29,0.994575,0.99946,0.9936999999999999,0.9984949999999999
Alta,300,Sem,0.5,Sim,True,Nao,0.0,2000,152,30,0.985215,0.99922,0.9924999999999999,0.996115
Alta,300,Sem,0.5,Nao,False,Sim,0.3,2000,123,1,0.7268662506769793,0.8449896268664651,0.8099749154981012,0.800490420250547
Alta,300,Sem,0.5,Nao,False,Sim,0.3,2000,124,2,0.7351783794594865,0.8638815970399261,0.820865521638041,0.8206505162629065
Alta,300,Sem,0.5,Nao,False,Sim,0.3,2000,125,3,0.7184193613655594,0.83446277985866,0.8059757398268875,0.7845737525779544
Alta,300,Sem,0.5,Nao,False,Sim,0.3,2000,126,4,0.6840684030850772,0.8373992367934198,0.7949114891622291,0.7732889632240807
Alta,300,Sem,0.5,Nao,False,Sim,0.3,2000,127,5,0.7106250886846295,0.8377298324583118,0.7990582634554759,0.7873558139953917
Alta,300,Sem,0.5,Nao,False,Sim,0.3,2000,128,6,0.6874896851791654,0.8151959190817936,0.7687604711059988,0.7608461903928384
Alta,300,Sem,0.5,Nao,False,Sim,0.3,2000,129,7,0.6795329532953296,0.8516226622662266,0.8135513551355136,0.7886538653865386
Alta,300,Sem,0.5,Nao,False,Sim,0.3,2000,130,8,0.7327156706068447,0.837751269063042,0.8110324866224214,0.8110225015650023
Alta,300,Sem,0.5,Nao,False,Sim,0.3,2000,131,9,0.6488323407870282,0.8441168351037799,0.7863188561235659,0.7689389879949712
Alta,300,Sem,0.5,Nao,False,Sim,0.3,2000,132,10,0.7518251581289531,0.8191265991649791,0.8140189699117478,0.8028613842846071
Alta,300,Sem,0.5,Nao,False,Sim,0.3,2000,133,11,0.6576068461615453,0.8358597737964167,0.7899184265839255,0.7765639075167652
Alta,300,Sem,0.5,Nao,False,Sim,0.3,2000,134,12,0.7713414432860823,0.8446625854396359,0.8291249165604139,0.8242023296832421
Alta,300,Sem,0.5,Nao,False,Sim,0.3,2000,135,13,0.6885437058668741,0.826225596759031,0.7774940068071159,0.7623450824794473
Alta,300,Sem,0.5,Nao,False,Sim,0.3,2000,136,14,0.6814789760335016,0.8361725178397623,0.8013896951650388,0.7683473722407304
Alta,300,Sem,0.5,Nao,False,Sim,0.3,2000,137,15,0.7608661881262824,0.8501409306687027,0.8226194472160346,0.806252180797272
Alta,300,Sem,0.5,Nao,False,Sim,0.3,2000,138,16,0.7175648869735187,0.8441691397371132,0.8050618654603449,0.8046963788140846
Alta,300,Sem,0.5,Nao,False,Sim,0.3,2000,139,17,0.6977192787905506,0.8314158506527921,0.8036359493595802,0.766650248989498
Alta,300,Sem,0.5,Nao,False,Sim,0.3,2000,140,18,0.7222085333345662,0.8492105138922363,0.8199812723093789,0.8171224108407585
Alta,300,Sem,0.5,Nao,False,Sim,0.3,2000,141,19,0.694985462275648,0.8485829934871341,0.8118929098101988,0.8042403524022153
Alta,300,Sem,0.5,Nao,False,Sim,0.3,2000,142,20,0.6992825676006125,0.8431194979291382,0.8060404628270085,0.7869625463709132
Alta,300,Sem,0.5,Nao,False,Sim,0.3,2000,143,21,0.6637983760844021,0.8265363989099728,0.7729878698217456,0.7591001283782095
Alta,300,Sem,0.5,Nao,False,Sim,0.3,2000,144,22,0.7431387183569478,0.8321107450128498,0.8066410895570918,0.7987782622858401
Alta,300,Sem,0.5,Nao,False,Sim,0.3,2000,145,23,0.7602751450036251,0.8408693868596714,0.8092512381559539,0.8086912584064603
Alta,300,Sem,0.5,Nao,False,Sim,0.3,2000,146,24,0.7406216398689706,0.8336575729539147,0.8048986021854917,0.796674251706634
Alta,300,Sem,0.5,Nao,False,Sim,0.3,2000,147,25,0.7781000725163161,0.8428696456702758,0.8236428196344177,0.8149433622565077
Alta,300,Sem,0.5,Nao,False,Sim,0.3,2000,148,26,0.6771380368282398,0.8264951472146083,0.7904390298333217,0.7733136083701775
Alta,300,Sem,0.5,Nao,False,Sim,0.3,2000,149,27,0.7383063792016342,0.8487471427709785,0.8192226604720023,0.8077266816908946
Alta,300,Sem,0.5,Nao,False,Sim,0.3,2000,150,28,0.7254331358283956,0.8351008775219381,0.8060351508787719,0.7915947898697467
Alta,300,Sem,0.5,Nao,False,Sim,0.3,2000,151,29,0.7464963317832946,0.8461953170079252,0.8225275381884547,0.8087322149303733
Alta,300,Sem,0.5,Nao,False,Sim,0.3,2000,152,30,0.7112977824445611,0.833425835645891,0.7978399459986499,0.7874696867421686
Alta,300,Sem,0.5,Nao,False,Nao,0.0,2000,123,1,0.878735,0.98591,0.9541475,0.9719149999999999
Alta,300,Sem,0.5,Nao,False,Nao,0.0,2000,124,2,0.84292,0.9897025000000002,0.9466725,0.969675
Alta,300,Sem,0.5,Nao,False,Nao,0.0,2000,125,3,0.8403,0.9931049999999999,0.96295,0.9780700000000001
Alta,300,Sem,0.5,Nao,False,Nao,0.0,2000,126,4,0.83022,0.9868499999999999,0.9562725000000001,0.963055
Alta,300,Sem,0.5,Nao,False,Nao,0.0,2000,127,5,0.8634850000000001,0.985135,0.951145,0.9658599999999999
Alta,300,Sem,0.5,Nao,False,Nao,0.0,2000,128,6,0.83179,0.99106,0.9414374999999999,0.969495
Alta,300,Sem,0.5,Nao,False,Nao,0.0,2000,129,7,0.8026300000000001,0.9864925,0.947635,0.9661350000000001
Alta,300,Sem,0.5,Nao,False,Nao,0.0,2000,130,8,0.895585,0.994645,0.9718025000000001,0.98415
Alta,300,Sem,0.5,Nao,False,Nao,0.0,2000,131,9,0.792605,0.9836499999999999,0.9312000000000001,0.957615
Alta,300,Sem,0.5,Nao,False,Nao,0.0,2000,132,10,0.934545,0.998485,0.9911375,0.99543
Alta,300,Sem,0.5,Nao,False,Nao,0.0,2000,133,11,0.799865,0.9857549999999999,0.9424899999999999,0.9593550000000001
Alta,300,Sem,0.5,Nao,False,Nao,0.0,2000,134,12,0.93704,0.99685,0.9804025000000001,0.9913399999999999
Alta,300,Sem,0.5,Nao,False,Nao,0.0,2000,135,13,0.8444100000000001,0.9873799999999999,0.93768,0.9584550000000001
Alta,300,Sem,0.5,Nao,False,Nao,0.0,2000,136,14,0.8200200000000001,0.9935325,0.96357,0.9762000000000001
Alta,300,Sem,0.5,Nao,False,Nao,0.0,2000,137,15,0.905945,0.993015,0.969095,0.9784349999999999
Alta,300,Sem,0.5,Nao,False,Nao,0.0,2000,138,16,0.881845,0.9926600000000001,0.9599475,0.980725
Alta,300,Sem,0.5,Nao,False,Nao,0.0,2000,139,17,0.86669,0.992135,0.9668924999999999,0.977525
Alta,300,Sem,0.5,Nao,False,Nao,0.0,2000,140,18,0.86782,0.990155,0.9648049999999999,0.9760949999999999
Alta,300,Sem,0.5,Nao,False,Nao,0.0,2000,141,19,0.80411,0.9913700000000001,0.9491099999999999,0.9627800000000001
Alta,300,Sem,0.5,Nao,False,Nao,0.0,2000,142,20,0.8365349999999999,0.9910249999999999,0.9623449999999998,0.9727
Alta,300,Sem,0.5,Nao,False,Nao,0.0,2000,143,21,0.79239,0.98443,0.9263,0.9460000000000001
Alta,300,Sem,0.5,Nao,False,Nao,0.0,2000,144,22,0.895435,0.9871650000000001,0.9644549999999998,0.9716049999999999
Alta,300,Sem,0.5,Nao,False,Nao,0.0,2000,145,23,0.909975,0.99261,0.97227,0.98078
Alta,300,Sem,0.5,Nao,False,Nao,0.0,2000,146,24,0.897835,0.98425,0.9565300000000001,0.9694849999999999
Alta,300,Sem,0.5,Nao,False,Nao,0.0,2000,147,25,0.9358650000000001,0.9985199999999999,0.986245,0.993695
Alta,300,Sem,0.5,Nao,False,Nao,0.0,2000,148,26,0.8173199999999999,0.98766,0.9502975000000001,0.966615
Alta,300,Sem,0.5,Nao,False,Nao,0.0,2000,149,27,0.9041349999999999,0.995255,0.970955,0.9852049999999999
Alta,300,Sem,0.5,Nao,False,Nao,0.0,2000,150,28,0.8794500000000001,0.99214,0.9675024999999999,0.97783
Alta,300,Sem,0.5,Nao,False,Nao,0.0,2000,151,29,0.8951699999999999,0.993085,0.9695725,0.97887
Alta,300,Sem,0.5,Nao,False,Nao,0.0,2000,152,30,0.868015,0.9933150000000002,0.9607100000000001,0.9724499999999999
Alta,300,Com,0.9,Sim,True,Sim,0.3,2000,123,1,0.6246017113980766,0.6738072782191692,0.6513683956994367,0.637292622567117
Alta,300,Com,0.9,Sim,True,Sim,0.3,2000,124,2,0.6291039426523297,0.679225806451613,0.6478817204301075,0.6627956989247312
Alta,300,Com,0.9,Sim,True,Sim,0.3,2000,125,3,0.5902389277389277,0.6567562645687646,0.6386400058275059,0.6254079254079253
Alta,300,Com,0.9,Sim,True,Sim,0.3,2000,126,4,0.6050195485954716,0.6888765644398949,0.6656051398742777,0.6640271315354432
Alta,300,Com,0.9,Sim,True,Sim,0.3,2000,127,5,0.6683631833220129,0.699970818999599,0.6877712237119209,0.6466565337832166
Alta,300,Com,0.9,Sim,True,Sim,0.3,2000,128,6,0.6228915809805254,0.6900018963185265,0.643453513045746,0.6357730673822125
Alta,300,Com,0.9,Sim,True,Sim,0.3,2000,129,7,0.6786628038043269,0.7189648771600101,0.7003518953906884,0.6961956553683385
Alta,300,Com,0.9,Sim,True,Sim,0.3,2000,130,8,0.61720073404856,0.6408385093167702,0.6285855448898927,0.5937041219649914
Alta,300,Com,0.9,Sim,True,Sim,0.3,2000,131,9,0.6775875840035253,0.6813192373433918,0.6886821295717063,0.6900176701442952
Alta,300,Com,0.9,Sim,True,Sim,0.3,2000,132,10,0.6696061909496624,0.6928672282951281,0.6768281447630626,0.6614896006413439
Alta,300,Com,0.9,Sim,True,Sim,0.3,2000,133,11,0.6216667201961784,0.661581729121764,0.6268321741272804,0.6178638405126673
Alta,300,Com,0.9,Sim,True,Sim,0.3,2000,134,12,0.6352493005773693,0.6619384062629938,0.6628492584145349,0.6335471719369561
Alta,300,Com,0.9,Sim,True,Sim,0.3,2000,135,13,0.626165715065809,0.6843135797285499,0.630225643549477,0.6197086323218487
Alta,300,Com,0.9,Sim,True,Sim,0.3,2000,136,14,0.6805663082437277,0.6939641577060932,0.6746487455197132,0.6741505376344085
Alta,300,Com,0.9,Sim,True,Sim,0.3,2000,137,15,0.6334518889221021,0.700846579722103,0.6485084679559727,0.6457084202612048
Alta,300,Com,0.9,Sim,True,Sim,0.3,2000,138,16,0.6529080061130003,0.6754595276499036,0.6327086240122077,0.5914344670844308
Alta,300,Com,0.9,Sim,True,Sim,0.3,2000,139,17,0.5923282482718337,0.6783541473655144,0.6646677703483517,0.6604248124161687
Alta,300,Com,0.9,Sim,True,Sim,0.3,2000,140,18,0.628730244787486,0.6774570714829992,0.6676630273944376,0.6523807570598569
Alta,300,Com,0.9,Sim,True,Sim,0.3,2000,141,19,0.6458142122097066,0.6866569322764566,0.6645285773884022,0.6542553191489363
Alta,300,Com,0.9,Sim,True,Sim,0.3,2000,142,20,0.5963631981131355,0.6906495267493789,0.6491573176149872,0.6550621206429419
Alta,300,Com,0.9,Sim,True,Sim,0.3,2000,143,21,0.6403482518027654,0.678033446419338,0.6382672021709199,0.6442694254316736
Alta,300,Com,0.9,Sim,True,Sim,0.3,2000,144,22,0.6288028673835125,0.6590537634408602,0.6511218637992833,0.6362795698924731
Alta,300,Com,0.9,Sim,True,Sim,0.3,2000,145,23,0.6329925214061203,0.6950829148451895,0.6807579753603815,0.6637812059684237
Alta,300,Com,0.9,Sim,True,Sim,0.3,2000,146,24,0.5796293769911058,0.6696470583736478,0.6337406861850959,0.6328226879081875
Alta,300,Com,0.9,Sim,True,Sim,0.3,2000,147,25,0.6110808225015898,0.653946314902244,0.6653300462897677,0.6594652980838572
Alta,300,Com,0.9,Sim,True,Sim,0.3,2000,148,26,0.6334104151059992,0.6627605158873558,0.6637565182842351,0.6498022436901234
Alta,300,Com,0.9,Sim,True,Sim,0.3,2000,149,27,0.6576514218386708,0.6841444666149676,0.6770361967331741,0.6277943435706381
Alta,300,Com,0.9,Sim,True,Sim,0.3,2000,150,28,0.6094580389085044,0.6493900507520095,0.6633407386538583,0.6509906302476122
Alta,300,Com,0.9,Sim,True,Sim,0.3,2000,151,29,0.6109896217321683,0.6686365662128952,0.6434630436912225,0.6523911607695732
Alta,300,Com,0.9,Sim,True,Sim,0.3,2000,152,30,0.6514280272259999,0.6656681616419757,0.651598377255709,0.6519831300513199
Alta,300,Com,0.9,Sim,True,Nao,0.0,2000,123,1,0.9946896944622013,0.9996357222340603,0.9891825280559698,0.9969879667116508
Alta,300,Com,0.9,Sim,True,Nao,0.0,2000,124,2,0.9339613904870137,0.9894405675118971,0.9534094233136823,0.9865666506854179
Alta,300,Com,0.9,Sim,True,Nao,0.0,2000,125,3,0.9065574289130384,0.9905950055638421,0.9555383283613892,0.9813290835049837
Alta,300,Com,0.9,Sim,True,Nao,0.0,2000,126,4,0.9807720334067287,0.998118033359377,0.9870215613679949,0.9968683500248596
Alta,300,Com,0.9,Sim,True,Nao,0.0,2000,127,5,0.9915614834150153,0.9984826277907995,0.99076554176433,0.9974876500461681
Alta,300,Com,0.9,Sim,True,Nao,0.0,2000,128,6,0.9858509837346402,0.9998462722257736,0.9287725291213864,0.9930285058124394
Alta,300,Com,0.9,Sim,True,Nao,0.0,2000,129,7,0.9984201055946208,0.9999166666666668,0.9935220556029074,0.996545694533229
Alta,300,Com,0.9,Sim,True,Nao,0.0,2000,130,8,0.9958557277979023,0.999206750005919,0.9797453417619622,0.9955151111584628
Alta,300,Com,0.9,Sim,True,Nao,0.0,2000,131,9,0.9964996389421596,0.9998750000000001,0.9918728084972891,0.9966041000781306
Alta,300,Com,0.9,Sim,True,Nao,0.0,2000,132,10,0.9952490056111939,0.9993396222506334,0.9844199946137273,0.9965744666998129
Alta,300,Com,0.9,Sim,True,Nao,0.0,2000,133,11,0.9160750290030067,0.9977234444917962,0.9566519343229869,0.9859340004024906
Alta,300,Com,0.9,Sim,True,Nao,0.0,2000,134,12,0.9577943568435259,0.9975438389326893,0.9719224672680351,0.9897391001965101
Alta,300,Com,0.9,Sim,True,Nao,0.0,2000,135,13,0.8724059917844544,0.9826525558159908,0.9373652899116888,0.9751587115562185
Alta,300,Com,0.9,Sim,True,Nao,0.0,2000,136,14,0.9711002231455833,0.9906083558254611,0.9660950203612947,0.9792424562587305
Alta,300,Com,0.9,Sim,True,Nao,0.0,2000,137,15,0.9659892392925634,0.9981369888959918,0.9740983142742146,0.9897511778772167
Alta,300,Com,0.9,Sim,True,Nao,0.0,2000,138,16,0.9683438779979638,0.9940969055567394,0.9725975004143287,0.991448472311007
Alta,300,Com,0.9,Sim,True,Nao,0.0,2000,139,17,0.9714036449084926,0.9986767555697611,0.987842566943675,0.9933704335061675
Alta,300,Com,0.9,Sim,True,Nao,0.0,2000,140,18,0.9634775729810355,0.9947221778298647,0.971004533939437,0.9917349835452329
Alta,300,Com,0.9,Sim,True,Nao,0.0,2000,141,19,0.9874820003788146,0.9971383946539764,0.9797991645358335,0.9923132058384828
Alta,300,Com,0.9,Sim,True,Nao,0.0,2000,142,20,0.9536645062386061,0.9943604777801454,0.9658027558775479,0.9862414056396052
Alta,300,Com,0.9,Sim,True,Nao,0.0,2000,143,21,0.9582458004829888,0.9967777777777778,0.9665584528967492,0.9876600166915264
Alta,300,Com,0.9,Sim,True,Nao,0.0,2000,144,22,0.9950362389611005,0.998902461112295,0.9809119669957621,0.9973304833439876
Alta,300,Com,0.9,Sim,True,Nao,0.0,2000,145,23,0.9263903124038165,0.9957524889315055,0.9812609116414519,0.9913090891872056
Alta,300,Com,0.9,Sim,True,Nao,0.0,2000,146,24,0.9598932393399151,0.9974987333380685,0.9857124973364586,0.9895946445060018
Alta,300,Com,0.9,Sim,True,Nao,0.0,2000,147,25,0.9927796333783176,0.9991079444562825,0.9889829252195941,0.9972256611501764
Alta,300,Com,0.9,Sim,True,Nao,0.0,2000,148,26,0.996595638894808,0.9998330166678505,0.9830893588559793,0.9969086168525226
Alta,300,Com,0.9,Sim,True,Nao,0.0,2000,149,27,0.9960955945024506,0.9990359666879751,0.9864045223974239,0.9972676444823259
Alta,300,Com,0.9,Sim,True,Nao,0.0,2000,150,28,0.9974986889457111,0.9997626222269573,0.9948617000497194,0.9986338222411628
Alta,300,Com,0.9,Sim,True,Nao,0.0,2000,151,29,0.9963721056182967,0.9994002444539148,0.9803071255652627,0.9957073389445272
Alta,300,Com,0.9,Sim,True,Nao,0.0,2000,152,30,0.9776243281956578,0.9972259334233019,0.9742136396997892,0.9903640558041527
Alta,300,Com,0.9,Nao,False,Sim,0.3,2000,123,1,0.5815047010267806,0.6690973493222162,0.623503711759584,0.6103505975181516
Alta,300,Com,0.9,Nao,False,Sim,0.3,2000,124,2,0.5771069736697146,0.6950607763211045,0.6090448386030627,0.5865814696485623
Alta,300,Com,0.9,Nao,False,Sim,0.3,2000,125,3,0.5987789384528516,0.6710756634669678,0.6132587521174477,0.5830463015245624
Alta,300,Com,0.9,Nao,False,Sim,0.3,2000,126,4,0.5600141475991853,0.6508327206384614,0.6029432599096581,0.5654538159631133
Alta,300,Com,0.9,Nao,False,Sim,0.3,2000,127,5,0.5512963504032966,0.6399980824828655,0.593791262249832,0.5940771279095478
Alta,300,Com,0.9,Nao,False,Sim,0.3,2000,128,6,0.5797303990793135,0.653118191020973,0.5788114830326462,0.5893316897426465
Alta,300,Com,0.9,Nao,False,Sim,0.3,2000,129,7,0.539703841752715,0.6470699649924218,0.5508471491847149,0.5810926722427852
Alta,300,Com,0.9,Nao,False,Sim,0.3,2000,130,8,0.5906939315871232,0.6450505178371626,0.6235818659118965,0.6141954674626537
Alta,300,Com,0.9,Nao,False,Sim,0.3,2000,131,9,0.5483560923288374,0.6658288581291847,0.5846864228551568,0.5583924777152717
Alta,300,Com,0.9,Nao,False,Sim,0.3,2000,132,10,0.563403773495971,0.6698797281843913,0.6179289400851362,0.5891042016377981
Alta,300,Com,0.9,Nao,False,Sim,0.3,2000,133,11,0.542853272110532,0.6779953610136038,0.6026191333073314,0.5886570932170336
Alta,300,Com,0.9,Nao,False,Sim,0.3,2000,134,12,0.6113578213194131,0.6762535273330189,0.6307958855492032,0.6291521889553728
Alta,300,Com,0.9,Nao,False,Sim,0.3,2000,135,13,0.5883304195804195,0.6627549533799534,0.592511655011655,0.6175772144522145
Alta,300,Com,0.9,Nao,False,Sim,0.3,2000,136,14,0.5603250914794918,0.6570489421494745,0.6133634813180695,0.586507583935708
Alta,300,Com,0.9,Nao,False,Sim,0.3,2000,137,15,0.6049486382192674,0.6624892094374062,0.6030204411683676,0.5910626943951935
Alta,300,Com,0.9,Nao,False,Sim,0.3,2000,138,16,0.5470801690917799,0.6603941092672396,0.5934289647798761,0.5957670167423049
Alta,300,Com,0.9,Nao,False,Sim,0.3,2000,139,17,0.5440158581022972,0.6417834426421962,0.5813018825139088,0.6084601289374231
Alta,300,Com,0.9,Nao,False,Sim,0.3,2000,140,18,0.5691173814082878,0.6667654178257886,0.5828353625492251,0.5960258679865602
Alta,300,Com,0.9,Nao,False,Sim,0.3,2000,141,19,0.5862234782243224,0.663192252203966,0.6029878591930091,0.6061067344784103
Alta,300,Com,0.9,Nao,False,Sim,0.3,2000,142,20,0.5638353986776978,0.65082553560461,0.6090971494634921,0.580736298276672
Alta,300,Com,0.9,Nao,False,Sim,0.3,2000,143,21,0.5805232974910395,0.6559139784946236,0.5994659498207886,0.5702078853046595
Alta,300,Com,0.9,Nao,False,Sim,0.3,2000,144,22,0.6170134933151653,0.6679803335149297,0.6133726260562983,0.6338821341403792
Alta,300,Com,0.9,Nao,False,Sim,0.3,2000,145,23,0.5898839877183911,0.6562406720880094,0.5991455086545822,0.5964324829415985
Alta,300,Com,0.9,Nao,False,Sim,0.3,2000,146,24,0.5900727702015165,0.6448801638069261,0.6153498402891607,0.5838104487323567
Alta,300,Com,0.9,Nao,False,Sim,0.3,2000,147,25,0.5876238344988345,0.6542577214452214,0.6302192599067599,0.6000145687645688
Alta,300,Com,0.9,Nao,False,Sim,0.3,2000,148,26,0.5892436621941828,0.6988598661721666,0.6438389935318987,0.5865650751739906
Alta,300,Com,0.9,Nao,False,Sim,0.3,2000,149,27,0.6176198674996587,0.6840354905404615,0.635737736263715,0.6021245065053128
Alta,300,Com,0.9,Nao,False,Sim,0.3,2000,150,28,0.5645351969068642,0.6585411474994454,0.6176238539944637,0.6094116017701623
Alta,300,Com,0.9,Nao,False,Sim,0.3,2000,151,29,0.6071926568095594,0.6871899679703105,0.6303143253081822,0.640112582585777
Alta,300,Com,0.9,Nao,False,Sim,0.3,2000,152,30,0.5830415808648054,0.6610742776150602,0.6077612738078987,0.5729996463504179
Alta,300,Com,0.9,Nao,False,Nao,0.0,2000,123,1,0.8443388527831048,0.9633277339773183,0.8902521826242393,0.9504800175201836
Alta,300,Com,0.9,Nao,False,Nao,0.0,2000,124,2,0.7629792539716362,0.9732237226839027,0.8719586307621281,0.9358186897743683
Alta,300,Com,0.9,Nao,False,Nao,0.0,2000,125,3,0.7816840921466961,0.9707649839003716,0.8299034362644127,0.9450174343585008
Alta,300,Com,0.9,Nao,False,Nao,0.0,2000,126,4,0.8114021533252835,0.9724135503231764,0.8865953547837204,0.9486375008878472
Alta,300,Com,0.9,Nao,False,Nao,0.0,2000,127,5,0.8084744033667164,0.9612126009186259,0.8736647607547885,0.928485906906267
Alta,300,Com,0.9,Nao,False,Nao,0.0,2000,128,6,0.7574438377488931,0.9736820116248787,0.8316283974950872,0.9153467013518952
Alta,300,Com,0.9,Nao,False,Nao,0.0,2000,129,7,0.7616409546132538,0.9681047393280771,0.862483894452731,0.9293962461822571
Alta,300,Com,0.9,Nao,False,Nao,0.0,2000,130,8,0.8636081693775601,0.9800362892724388,0.9351097068328716,0.9678480005682222
Alta,300,Com,0.9,Nao,False,Nao,0.0,2000,131,9,0.7474041598598384,0.9642957122901722,0.8639456474773304,0.9294779902691952
Alta,300,Com,0.9,Nao,False,Nao,0.0,2000,132,10,0.9203224512867865,0.994051755569761,0.9577658421526148,0.986541489097237
Alta,300,Com,0.9,Nao,False,Nao,0.0,2000,133,11,0.7230478046499514,0.9626552726282643,0.8724657217013518,0.9106846011790608
Alta,300,Com,0.9,Nao,False,Nao,0.0,2000,134,12,0.9372576236475127,0.9963983000686601,0.9314316402088216,0.9828257836730827
Alta,300,Com,0.9,Nao,False,Nao,0.0,2000,135,13,0.7884678244193479,0.9630136669271018,0.8644278905343658,0.9313614840069133
Alta,300,Com,0.9,Nao,False,Nao,0.0,2000,136,14,0.7948931475957101,0.9903705222908824,0.9246530204559983,0.9513888504155126
Alta,300,Com,0.9,Nao,False,Nao,0.0,2000,137,15,0.8708776191490873,0.9826548671780667,0.9343763539669011,0.9601599338257927
Alta,300,Com,0.9,Nao,False,Nao,0.0,2000,138,16,0.8559433464734711,0.9767820394440893,0.9119670209176789,0.958253450765916
Alta,300,Com,0.9,Nao,False,Nao,0.0,2000,139,17,0.7774273711437839,0.9807263447924806,0.9158197877453418,0.949041184269716
Alta,300,Com,0.9,Nao,False,Nao,0.0,2000,140,18,0.8355942479342756,0.9836682115207045,0.8886595994033666,0.9577292954045031
Alta,300,Com,0.9,Nao,False,Nao,0.0,2000,141,19,0.7212757505267893,0.9709948564055212,0.8722057778132918,0.9132054685465348
Alta,300,Com,0.9,Nao,False,Nao,0.0,2000,142,20,0.8140061912541137,0.9818639167080996,0.8944507570376684,0.9527947060634041
Alta,300,Com,0.9,Nao,False,Nao,0.0,2000,143,21,0.719657193337595,0.9632786449084925,0.8292702281175274,0.8891972796363378
Alta,300,Com,0.9,Nao,False,Nao,0.0,2000,144,22,0.8815813800696072,0.9725939283093024,0.9106507327698463,0.9622278955654995
Alta,300,Com,0.9,Nao,False,Nao,0.0,2000,145,23,0.8626218629400763,0.9865819334943297,0.9056309041835358,0.9496027061581078
Alta,300,Com,0.9,Nao,False,Nao,0.0,2000,146,24,0.8603103410516845,0.9736511175036104,0.9250846991381965,0.9558419010583137
Alta,300,Com,0.9,Nao,False,Nao,0.0,2000,147,25,0.947130528328243,0.989914405615929,0.9548912535217937,0.9815866834765726
Alta,300,Com,0.9,Nao,False,Nao,0.0,2000,148,26,0.7680259310557094,0.9719256783152211,0.8802879599048229,0.941656361720766
Alta,300,Com,0.9,Nao,False,Nao,0.0,2000,149,27,0.8687008191869688,0.987832205767455,0.9159927818026847,0.9605355730757393
Alta,300,Com,0.9,Nao,False,Nao,0.0,2000,150,28,0.7992337139238109,0.9825889889196675,0.879925053862727,0.9460171946397707
Alta,300,Com,0.9,Nao,False,Nao,0.0,2000,151,29,0.8797609471553377,0.9847182505859792,0.9364331821033691,0.9661854120794564
Alta,300,Com,0.9,Nao,False,Nao,0.0,2000,152,30,0.8700208466510405,0.9850782726045884,0.93102168122736,0.9616133839998107
