"Algorithm","Result","Group","Replication"
"Alg1",2.60711961567897e-08,"2",1
"Alg2",6.25472461702318e-05,"2",1
"Alg1",0.434101895208583,"3",1
"Alg2",2.80178312742517,"3",1
"Alg1",1.18483766078906,"4",1
"Alg2",4.52807285406745,"4",1
"Alg1",0.382409657090467,"5",1
"Alg2",23.7589354631288,"5",1
"Alg1",7.85486679485568,"6",1
"Alg2",151.653886928664,"6",1
"Alg1",13.7513774976651,"7",1
"Alg2",687.437879102507,"7",1
"Alg1",13.2970993986551,"8",1
"Alg2",3150.15237159125,"8",1
"Alg1",32.2697784979113,"9",1
"Alg2",9975.85950055627,"9",1
"Alg1",177.151416275456,"10",1
"Alg2",6667.40333745684,"10",1
"Alg1",385.532602149266,"11",1
"Alg2",10513.3255133906,"11",1
"Alg1",1281.81410486401,"12",1
"Alg2",27176.6617106023,"12",1
"Alg1",1571.4557400151,"13",1
"Alg2",99083.6420442709,"13",1
"Alg1",2058.08599332613,"14",1
"Alg2",85780.6385884142,"14",1
"Alg1",395.950208501986,"15",1
"Alg2",124805.378868831,"15",1
"Alg1",2797.96133742865,"16",1
"Alg2",115271.038040802,"16",1
"Alg1",12170.7143867293,"17",1
"Alg2",166510.231102807,"17",1
"Alg1",11236.5017500633,"18",1
"Alg2",189454.62898552,"18",1
"Alg1",17016.19666361,"19",1
"Alg2",183049.950667804,"19",1
"Alg1",11642.0289693767,"20",1
"Alg2",284542.982760898,"20",1
"Alg1",23658.0319001401,"21",1
"Alg2",272882.150487397,"21",1
"Alg1",25725.92241533,"22",1
"Alg2",389743.489196932,"22",1
"Alg1",40395.4488823036,"23",1
"Alg2",464133.003190817,"23",1
"Alg1",48073.8675066929,"24",1
"Alg2",507407.997086355,"24",1
"Alg1",65062.1511877749,"25",1
"Alg2",504936.840944255,"25",1
"Alg1",36130.612434581,"26",1
"Alg2",426114.63631394,"26",1
"Alg1",106427.490212628,"27",1
"Alg2",544339.022929618,"27",1
"Alg1",73330.5149031931,"28",1
"Alg2",606750.754247015,"28",1
"Alg1",128358.841280783,"29",1
"Alg2",670884.341179873,"29",1
"Alg1",99938.8899231288,"30",1
"Alg2",726770.230626881,"30",1
"Alg1",114274.530510842,"31",1
"Alg2",653100.335149169,"31",1
"Alg1",228008.88882171,"32",1
"Alg2",765149.431128056,"32",1
"Alg1",242169.790047919,"33",1
"Alg2",772615.615304472,"33",1
"Alg1",245605.317907278,"34",1
"Alg2",926228.052842855,"34",1
"Alg1",407302.759490526,"35",1
"Alg2",968999.299848813,"35",1
"Alg1",331668.241059418,"36",1
"Alg2",928939.634285666,"36",1
"Alg1",346891.16904071,"37",1
"Alg2",972950.153423412,"37",1
"Alg1",192307.120517204,"38",1
"Alg2",1166679.64407102,"38",1
"Alg1",348472.597628077,"39",1
"Alg2",1025400.55228238,"39",1
"Alg1",411759.814461755,"40",1
"Alg2",1152795.04845073,"40",1
"Alg1",373841.375086803,"41",1
"Alg2",1204825.20782883,"41",1
"Alg1",296920.198244156,"42",1
"Alg2",1047964.18042502,"42",1
"Alg1",459082.565884526,"43",1
"Alg2",1240453.59399635,"43",1
"Alg1",287828.822420107,"44",1
"Alg2",1291492.95743978,"44",1
"Alg1",561815.9229918,"45",1
"Alg2",1532789.86888514,"45",1
"Alg1",433965.56404323,"46",1
"Alg2",1490122.54109577,"46",1
"Alg1",868996.756099523,"47",1
"Alg2",1510731.68056577,"47",1
"Alg1",659315.359259471,"48",1
"Alg2",1715169.22750663,"48",1
"Alg1",876245.243885988,"49",1
"Alg2",1762905.69682088,"49",1
"Alg1",814658.641681351,"50",1
"Alg2",2008290.42422822,"50",1
"Alg1",592557.427604257,"51",1
"Alg2",1653111.79303918,"51",1
"Alg1",967422.044754091,"52",1
"Alg2",2037536.53899748,"52",1
"Alg1",1075733.93608628,"53",1
"Alg2",1894869.31905755,"53",1
"Alg1",944042.595620522,"54",1
"Alg2",2169284.97318225,"54",1
"Alg1",1350144.50580791,"55",1
"Alg2",2118343.74020722,"55",1
"Alg1",1016365.1670114,"56",1
"Alg2",2235358.51684184,"56",1
"Alg1",1116666.75062325,"57",1
"Alg2",2213756.9875293,"57",1
"Alg1",1230749.33771524,"58",1
"Alg2",1851922.33585976,"58",1
"Alg1",1028990.84663665,"59",1
"Alg2",2329803.25713678,"59",1
"Alg1",1609065.47747072,"60",1
"Alg2",2374223.48169038,"60",1
"Alg1",1326816.2113385,"61",1
"Alg2",3678739.07381602,"61",1
"Alg1",1357395.03588836,"62",1
"Alg2",3205155.34568659,"62",1
"Alg1",1329654.23237888,"63",1
"Alg2",3569357.27788464,"63",1
"Alg1",1754341.17601994,"64",1
"Alg2",2981157.15194137,"64",1
"Alg1",1799161.11209214,"65",1
"Alg2",3013509.02160247,"65",1
"Alg1",1867920.71457557,"66",1
"Alg2",3733354.71848017,"66",1
"Alg1",1779050.56871236,"67",1
"Alg2",3223523.01052325,"67",1
"Alg1",1714706.56468062,"68",1
"Alg2",4023188.77529966,"68",1
"Alg1",2336399.60196676,"69",1
"Alg2",4646125.7478845,"69",1
"Alg1",1663598.78057241,"70",1
"Alg2",5050706.71910005,"70",1
"Alg1",2175238.70601179,"71",1
"Alg2",5224625.47680999,"71",1
"Alg1",2193887.60288618,"72",1
"Alg2",4361994.70809069,"72",1
"Alg1",2938392.26214665,"73",1
"Alg2",4756782.33686353,"73",1
"Alg1",2469312.79892545,"74",1
"Alg2",4551107.22772474,"74",1
"Alg1",2735170.03369521,"75",1
"Alg2",4307007.42234113,"75",1
"Alg1",2338522.228076,"76",1
"Alg2",5050852.89684611,"76",1
"Alg1",2761570.63451295,"77",1
"Alg2",5125083.52360876,"77",1
"Alg1",2470365.99778475,"78",1
"Alg2",3904511.67713818,"78",1
"Alg1",2647328.81646677,"79",1
"Alg2",4497104.96810815,"79",1
"Alg1",3111982.77220549,"80",1
"Alg2",5231052.21532986,"80",1
"Alg1",2909503.22981499,"81",1
"Alg2",4810902.24512555,"81",1
"Alg1",3030022.06674908,"82",1
"Alg2",5356089.71042981,"82",1
"Alg1",3601740.82798606,"83",1
"Alg2",5369078.08082258,"83",1
"Alg1",3458085.67789187,"84",1
"Alg2",5054336.8181562,"84",1
"Alg1",3499885.82870945,"85",1
"Alg2",5219544.09272018,"85",1
"Alg1",3654453.26741169,"86",1
"Alg2",5451899.51701062,"86",1
"Alg1",3334682.19838595,"87",1
"Alg2",4607233.74308166,"87",1
"Alg1",3717529.43311729,"88",1
"Alg2",6089621.91022963,"88",1
"Alg1",3322657.20136726,"89",1
"Alg2",5007443.27610218,"89",1
"Alg1",3802950.80517445,"90",1
"Alg2",6179852.43855084,"90",1
"Alg1",4047841.78487603,"91",1
"Alg2",6148691.51092957,"91",1
"Alg1",4462796.17825044,"92",1
"Alg2",5087926.68958208,"92",1
"Alg1",3167094.73517501,"93",1
"Alg2",6863999.1013709,"93",1
"Alg1",3444638.9819764,"94",1
"Alg2",6658494.09178979,"94",1
"Alg1",3391482.97604376,"95",1
"Alg2",6821498.6454612,"95",1
"Alg1",2717964.6225954,"96",1
"Alg2",5700848.71543188,"96",1
"Alg1",3640897.63203788,"97",1
"Alg2",5787725.954451,"97",1
"Alg1",4692385.08064951,"98",1
"Alg2",6722270.79236376,"98",1
"Alg1",4774816.60553142,"99",1
"Alg2",6752153.15696004,"99",1
"Alg1",2668078.02306374,"100",1
"Alg2",5941822.96325258,"100",1
"Alg1",4396954.16577275,"101",1
"Alg2",6731500.02105417,"101",1
"Alg1",4117519.17856481,"102",1
"Alg2",6207735.76980614,"102",1
"Alg1",4666680.8008801,"103",1
"Alg2",7058242.67967836,"103",1
"Alg1",5322418.11893286,"104",1
"Alg2",7563867.79847154,"104",1
"Alg1",5378381.30387197,"105",1
"Alg2",6193880.48281377,"105",1
"Alg1",4990157.77701628,"106",1
"Alg2",8081699.59795458,"106",1
"Alg1",5212819.53065774,"107",1
"Alg2",7684822.3621329,"107",1
"Alg1",4922522.12854,"108",1
"Alg2",6793856.35861404,"108",1
"Alg1",4539862.35305548,"109",1
"Alg2",6575854.83644813,"109",1
"Alg1",5808094.29904482,"110",1
"Alg2",8831196.53423204,"110",1
"Alg1",4986991.92340476,"111",1
"Alg2",7927431.05779069,"111",1
"Alg1",4716747.72139124,"112",1
"Alg2",8087971.03614812,"112",1
"Alg1",3758064.52691061,"113",1
"Alg2",8281829.95139948,"113",1
"Alg1",6813505.32779605,"114",1
"Alg2",8644461.05650648,"114",1
"Alg1",6000521.61584717,"115",1
"Alg2",8646447.88344523,"115",1
"Alg1",5470240.40149607,"116",1
"Alg2",8889251.42977155,"116",1
"Alg1",5276892.59776772,"117",1
"Alg2",8148488.08518201,"117",1
"Alg1",6351475.92759491,"118",1
"Alg2",8018365.75246547,"118",1
"Alg1",5050988.154078,"119",1
"Alg2",9297528.05585218,"119",1
"Alg1",5976740.91316147,"120",1
"Alg2",8814564.61730791,"120",1
"Alg1",6337628.24504092,"121",1
"Alg2",8892721.63261973,"121",1
"Alg1",7482766.05185136,"122",1
"Alg2",8639494.67797959,"122",1
"Alg1",5892242.87809893,"123",1
"Alg2",9156915.43033206,"123",1
"Alg1",6428716.16538048,"124",1
"Alg2",9850087.78630874,"124",1
"Alg1",7320109.04763675,"125",1
"Alg2",9357272.21795966,"125",1
"Alg1",7311959.02182297,"126",1
"Alg2",8471998.41185128,"126",1
"Alg1",7406957.49742631,"127",1
"Alg2",9372340.04405554,"127",1
"Alg1",7986259.38088159,"128",1
"Alg2",9125755.58104602,"128",1
"Alg1",7615829.86967345,"129",1
"Alg2",10313276.8563367,"129",1
"Alg1",7207138.95331594,"130",1
"Alg2",9507364.03882879,"130",1
"Alg1",7090595.13669765,"131",1
"Alg2",10236609.7731844,"131",1
"Alg1",8158535.13292699,"132",1
"Alg2",9775254.26399465,"132",1
"Alg1",5556447.64577769,"133",1
"Alg2",10114243.6529588,"133",1
"Alg1",6908272.08846419,"134",1
"Alg2",10591340.9912645,"134",1
"Alg1",7977955.6921755,"135",1
"Alg2",10056860.7005416,"135",1
"Alg1",7477403.11980789,"136",1
"Alg2",9776746.46571634,"136",1
"Alg1",8900193.38596503,"137",1
"Alg2",10444714.2803713,"137",1
"Alg1",7183216.03565055,"138",1
"Alg2",9841253.38813919,"138",1
"Alg1",8520990.21315726,"139",1
"Alg2",10543084.6304079,"139",1
"Alg1",9847811.06520312,"140",1
"Alg2",9166627.53164273,"140",1
"Alg1",6310015.00316518,"141",1
"Alg2",11516673.2728743,"141",1
"Alg1",7934935.67673645,"142",1
"Alg2",10124423.9689874,"142",1
"Alg1",7766382.18211472,"143",1
"Alg2",10765414.8750636,"143",1
"Alg1",8802056.19968641,"144",1
"Alg2",11526207.5627449,"144",1
"Alg1",9283623.71633443,"145",1
"Alg2",11477219.7131275,"145",1
"Alg1",8784248.33900555,"146",1
"Alg2",10265438.333214,"146",1
"Alg1",7088457.6358854,"147",1
"Alg2",11260396.8612622,"147",1
"Alg1",8330872.60093307,"148",1
"Alg2",10655660.9333986,"148",1
"Alg1",8217030.5982487,"149",1
"Alg2",12337936.8730201,"149",1
"Alg1",9346977.61171927,"150",1
"Alg2",11930626.4691548,"150",1
"Alg1",10018026.0183539,"151",1
"Alg2",10858820.8187218,"151",1
"Alg1",8155036.60874959,"152",1
"Alg2",12379263.3620038,"152",1
"Alg1",10107177.4575739,"153",1
"Alg2",12570428.3268514,"153",1
"Alg1",9605503.90519832,"154",1
"Alg2",11862234.2630581,"154",1
"Alg1",9195297.68549024,"155",1
"Alg2",11364841.4722061,"155",1
"Alg1",9481671.95110176,"156",1
"Alg2",12650462.9238467,"156",1
"Alg1",10763624.5590485,"157",1
"Alg2",13619906.0638614,"157",1
"Alg1",8473832.49691052,"158",1
"Alg2",11457848.9357418,"158",1
"Alg1",10342520.2082477,"159",1
"Alg2",12181336.2244827,"159",1
"Alg1",9471166.13506253,"160",1
"Alg2",12126674.555751,"160",1
"Alg1",10246782.2058876,"161",1
"Alg2",12210605.7352975,"161",1
"Alg1",11243275.1947643,"162",1
"Alg2",12236164.8911297,"162",1
"Alg1",11706476.6368005,"163",1
"Alg2",12821971.7119617,"163",1
"Alg1",9981460.12319471,"164",1
"Alg2",13459469.99268,"164",1
"Alg1",10417515.0323873,"165",1
"Alg2",13129187.2112506,"165",1
"Alg1",8955774.96050046,"166",1
"Alg2",13825537.5599094,"166",1
"Alg1",10536101.0053364,"167",1
"Alg2",11760655.0562848,"167",1
"Alg1",11679789.2215437,"168",1
"Alg2",12750528.2456776,"168",1
"Alg1",11279399.9764181,"169",1
"Alg2",12115115.0526898,"169",1
"Alg1",10524708.3634177,"170",1
"Alg2",12632502.2645811,"170",1
"Alg1",11889759.6766863,"171",1
"Alg2",13585477.6454107,"171",1
"Alg1",11047410.0952792,"172",1
"Alg2",14387907.0383836,"172",1
"Alg1",10055992.9681351,"173",1
"Alg2",13548202.7206295,"173",1
"Alg1",11884717.8263585,"174",1
"Alg2",13439237.8435778,"174",1
"Alg1",11597415.4228247,"175",1
"Alg2",15354467.3967741,"175",1
"Alg1",10962498.6222675,"176",1
"Alg2",13592384.0969044,"176",1
"Alg1",12816609.2096959,"177",1
"Alg2",14403074.7633954,"177",1
"Alg1",12706372.4398796,"178",1
"Alg2",14332881.5190944,"178",1
"Alg1",11808307.3063907,"179",1
"Alg2",15488348.2369572,"179",1
"Alg1",13585486.5098567,"180",1
"Alg2",14709319.3327485,"180",1
"Alg1",12258805.4222142,"181",1
"Alg2",14907980.5987616,"181",1
"Alg1",12381568.416105,"182",1
"Alg2",14005058.6327012,"182",1
"Alg1",14050124.3120468,"183",1
"Alg2",14252427.0939677,"183",1
"Alg1",9448355.46264434,"184",1
"Alg2",15210340.0816559,"184",1
"Alg1",13080480.7646866,"185",1
"Alg2",15733343.0858234,"185",1
"Alg1",13963766.7849844,"186",1
"Alg2",15967410.8561697,"186",1
"Alg1",12492453.4846323,"187",1
"Alg2",15298396.2711991,"187",1
"Alg1",12862675.9194107,"188",1
"Alg2",15228662.1835664,"188",1
"Alg1",13228798.1219683,"189",1
"Alg2",16867744.9432859,"189",1
"Alg1",11649467.2722329,"190",1
"Alg2",15515807.0892382,"190",1
"Alg1",13057758.5787086,"191",1
"Alg2",15791453.6709861,"191",1
"Alg1",13705377.269976,"192",1
"Alg2",15747197.529353,"192",1
"Alg1",13681130.7912589,"193",1
"Alg2",15710565.6300434,"193",1
"Alg1",13746380.0227344,"194",1
"Alg2",15566765.0744768,"194",1
"Alg1",14735101.4047818,"195",1
"Alg2",13876387.091367,"195",1
"Alg1",11657392.7006618,"196",1
"Alg2",16180409.6900564,"196",1
"Alg1",13434192.6862793,"197",1
"Alg2",17297562.5514998,"197",1
"Alg1",13835382.941259,"198",1
"Alg2",16829774.0158452,"198",1
"Alg1",12922285.7353633,"199",1
"Alg2",16663405.3509944,"199",1
"Alg1",13764062.6244642,"200",1
"Alg2",18115645.3345683,"200",1
"Alg1",14410839.661704,"201",1
"Alg2",16332095.6792103,"201",1
"Alg1",14656174.1364993,"202",1
"Alg2",17466759.6278981,"202",1
"Alg1",14678216.0339161,"203",1
"Alg2",16949890.5504684,"203",1
"Alg1",14983415.8514574,"204",1
"Alg2",18439790.2659352,"204",1
"Alg1",14612757.7327325,"205",1
"Alg2",16996455.7609232,"205",1
"Alg1",15706420.6101602,"206",1
"Alg2",17235633.5405129,"206",1
"Alg1",16713286.8720909,"207",1
"Alg2",17512423.2805876,"207",1
"Alg1",14870194.4992792,"208",1
"Alg2",16557997.9779768,"208",1
"Alg1",14983711.3978227,"209",1
"Alg2",16642976.5608019,"209",1
"Alg1",15906710.3800176,"210",1
"Alg2",16004895.1624459,"210",1
"Alg1",13677475.7591391,"211",1
"Alg2",17311770.611354,"211",1
"Alg1",16753271.505508,"212",1
"Alg2",17006381.8813416,"212",1
"Alg1",17377087.4451404,"213",1
"Alg2",17724954.5582007,"213",1
"Alg1",17066735.7906545,"214",1
"Alg2",18013243.3216757,"214",1
"Alg1",14840611.8305248,"215",1
"Alg2",17400951.3599789,"215",1
"Alg1",14840068.291466,"216",1
"Alg2",17533489.8132146,"216",1
"Alg1",16627447.1468488,"217",1
"Alg2",17850493.0279331,"217",1
"Alg1",15903077.7824536,"218",1
"Alg2",17414323.2098945,"218",1
"Alg1",17094636.0522714,"219",1
"Alg2",17634730.2919094,"219",1
"Alg1",16531019.2170879,"220",1
"Alg2",19306329.6777183,"220",1
"Alg1",15949242.2112102,"221",1
"Alg2",19220533.7530081,"221",1
"Alg1",15641418.3840328,"222",1
"Alg2",18186857.2308568,"222",1
"Alg1",18100595.8385128,"223",1
"Alg2",19293190.4837099,"223",1
"Alg1",17448583.6269749,"224",1
"Alg2",18719392.6486397,"224",1
"Alg1",18609752.4914655,"225",1
"Alg2",19159112.9036327,"225",1
"Alg1",16973382.8522034,"226",1
"Alg2",18791532.569232,"226",1
"Alg1",17138750.2351503,"227",1
"Alg2",19345176.1665947,"227",1
"Alg1",17274983.7389427,"228",1
"Alg2",18859502.0947112,"228",1
"Alg1",17850904.3847426,"229",1
"Alg2",20437984.9587461,"229",1
"Alg1",17937350.8176999,"230",1
"Alg2",18939758.4667839,"230",1
"Alg1",17937930.3338673,"231",1
"Alg2",20117163.0547723,"231",1
"Alg1",16179458.4745783,"232",1
"Alg2",19856906.2143952,"232",1
"Alg1",16378148.6424389,"233",1
"Alg2",20147156.789413,"233",1
"Alg1",18431830.0140979,"234",1
"Alg2",19227701.1566574,"234",1
"Alg1",18773945.9273715,"235",1
"Alg2",18842029.412345,"235",1
"Alg1",17173794.4779852,"236",1
"Alg2",20806011.2549515,"236",1
"Alg1",18337067.9376545,"237",1
"Alg2",20411198.2248425,"237",1
"Alg1",16224989.7516742,"238",1
"Alg2",19679699.5767113,"238",1
"Alg1",15833874.5797853,"239",1
"Alg2",20046332.1032968,"239",1
"Alg1",18877012.8839445,"240",1
"Alg2",21162998.5748191,"240",1
"Alg1",19780113.8553104,"241",1
"Alg2",19202907.2502499,"241",1
"Alg1",17557807.4658557,"242",1
"Alg2",18521188.2453423,"242",1
"Alg1",16216600.4423377,"243",1
"Alg2",21507230.106208,"243",1
"Alg1",19126468.4631788,"244",1
"Alg2",20305572.9679295,"244",1
"Alg1",19760574.2668877,"245",1
"Alg2",21149198.8878124,"245",1
"Alg1",17545860.0140038,"246",1
"Alg2",21028851.3928974,"246",1
"Alg1",18999822.9159198,"247",1
"Alg2",21140432.0790297,"247",1
"Alg1",20114037.6262377,"248",1
"Alg2",21285410.5764374,"248",1
"Alg1",19055056.1764207,"249",1
"Alg2",21490559.3800711,"249",1
